Index,Artist,Title,Mood4Q,Mood2Q
ML1,Usher,There Goes My Baby,relaxed,pos
ML2,Da'Ville,On My Mind,relaxed,pos
ML3,Rihanna,Rockstar 101 ,relaxed,pos
ML4,J. Holiday,Bed,relaxed,pos
ML5,Morgan Heritage,Don't Haffi Dread,angry,neg
ML6,Whitney Houston,My Love Is Your Love,happy,pos
ML7,Serani,Study People,angry,neg
ML8,Austra,Spellwork,angry,neg
ML9,Coro,Can't Let You Go,happy,pos
ML10,Beenie Man,Slam,relaxed,pos
ML11,Deitrick Haddon,Love Him Like I Do ,happy,pos
ML12,The Jackson 5,ABC,relaxed,pos
ML13,Maysa,The Lady In My Life,happy,pos
ML14,Ryan Shaw,We Got Love,happy,pos
ML15,The Paris Sisters,I Love How You Love Me,happy,pos
ML16,New Direction,I Came To Jesus,sad,neg
ML17,Kurt Carr & The Kurt Carr Singers,God Great God,happy,pos
ML18,Kenny Lattimore,And I Love Her,happy,pos
ML19,Jordin Sparks,Battlefield,angry,neg
ML20,Spoon,You Got Yr. Cherry Bomb,angry,neg
ML21,Tarralyn Ramsey,Peace Of God,relaxed,pos
ML22,Tyrese,One,relaxed,pos
ML23,Dr. Dog,Where'd All The Time Go?,sad,neg
ML24,Tarralyn Ramsey,Unconditional Love,happy,pos
ML25,Kool & The Gang,Steppin' Into Love,happy,pos
ML26,Anders Osborne,Darkness At The Bottom,sad,neg
ML27,The Rolling Stones,Gimme Shelter,angry,neg
ML28,The Rolling Stones,Happy,happy,pos
ML29,Bobby Bare,Detroit City,relaxed,pos
ML30,Gene Watson,Got No Reason Now For Goin' Home,relaxed,pos
ML31,George Strait,El Rey,sad,neg
ML32,Playing For Change,Don't Worry,relaxed,pos
ML33,The Rolling Stones,Melody,relaxed,pos
ML34,Stars,Fixed,sad,neg
ML35,Glasser,Home,relaxed,pos
ML36,Betty Wright,Where Is The Love,happy,pos
ML37,Mavis Staples,You Are Not Alone,angry,neg
ML38,The Rolling Stones,Not Fade Away,happy,pos
ML39,The Beach Boys,God Only Knows,happy,pos
ML40,Korn,Blind,sad,neg
ML41,Megadeth,Angry Again,angry,neg
ML42,Ra,Do You Call My Name,angry,neg
ML43,Avenged Sevenfold,Nightmare,angry,neg
ML44,Mudvayne,Scream With Me,angry,neg
ML45,Static-X,Dirthouse,sad,neg
ML46,Metallica,Cyanide,sad,neg
ML47,Green Day,Longview,sad,neg
ML48,Nirvana,Rape Me,angry,neg
ML49,Marilyn Manson,Sweet Dreams ,angry,neg
ML50,Staind,Mudshovel,angry,neg
ML51,Pantera,This Love,happy,pos
ML52,Chevelle,Send The Pain Below,angry,neg
ML53,The Red Hot Chili Peppers,Scar Tissue,sad,neg
ML54,Metallica,Harvester Of Sorrow,angry,neg
ML55,Guns N' Roses,Civil War,angry,neg
ML56,Shadows Fall,King Of Nothing,angry,neg
ML57,Comeback Kid,Do Yourself A Favor,sad,neg
ML58,Rob Zombie,Superbeast,sad,neg
ML59,Pearl Jam,Why Go,relaxed,pos
ML60,Scorpions,Rock You Like A Hurricane,angry,neg
ML61,Nine Inch Nails,Terrible Lie,angry,neg
ML62,Stone Temple Pilots,Wicked Garden,angry,neg
ML63,Smashing Pumpkins,Bullet With Butterfly Wings,angry,neg
ML64,Nirvana,Come As You Are,angry,neg
ML65,Black Sabbath,War Pigs,angry,neg
ML66,Korn,Everything I've Known,angry,neg
ML67,Disturbed,Indestructible,angry,neg
ML68,Three Days Grace,Riot,angry,neg
ML69,Dierks Bentley,Free And Easy ,relaxed,pos
ML70,Kenny Chesney,When The Sun Goes Down ,relaxed,pos
ML71,Zac Brown Band,Free,relaxed,pos
ML72,Frankie Ballard,Tell Me You Get Lonely,sad,neg
ML73,Faith Hill,The Way You Love Me,happy,pos
ML74,Blake Shelton,Home,relaxed,pos
ML75,Josh Turner,Your Man,relaxed,pos
ML76,Alice Cooper,Welcome To My Nightmare,angry,neg
ML77,Led Zeppelin,Rock And Roll,sad,neg
ML78,Joan Jett & The Blackhearts,I Hate Myself For Loving You,angry,neg
ML79,Jonny Lang,Lie To Me,angry,neg
ML80,The Doors,Love Her Madly,happy,pos
ML81,Eric Clapton,Cocaine,angry,neg
ML82,Robert Cray,Smoking Gun,angry,neg
ML83,Jefferson Airplane,Somebody To Love,happy,pos
ML84,Supertramp,Bloody Well Right,angry,neg
ML85,Ted Nugent,Cat Scratch Fever,sad,neg
ML86,Alice Cooper,No More Mr. Nice Guy,sad,neg
ML87,Neil Young,Heart Of Gold,happy,pos
ML88,Boston,Let Me Take You Home Tonight,relaxed,pos
ML89,Scorpions,Still Loving You,happy,pos
ML90,The Doors,Light My Fire,angry,neg
ML91,Night Ranger,Don't Tell Me You Love Me,happy,pos
ML92,Lynyrd Skynyrd,That Smell,sad,neg
ML93,Pat Benatar,Hit Me With Your Best Shot,angry,neg
ML94,Guns N' Roses,Paradise City,relaxed,pos
ML95,Yes,I've Seen All Good People,relaxed,pos
ML96,Motley Crue,Home Sweet Home,relaxed,pos
ML97,Lynyrd Skynyrd,You Got That Right,angry,neg
ML98,Bad Company,Feel Like Makin' Love,happy,pos
ML99,Jethro Tull,Locomotive Breath,sad,neg
ML100,Bad Company,Can't Get Enough,happy,pos
ML101,The Who,Love Reign O'er Me,relaxed,pos
ML102,Billy Squier,In The Dark,sad,neg
ML103,Pink Floyd,One Of These Days,sad,neg
ML104,Van Halen,Runnin' With The Devil,angry,neg
ML105,David Bowie,Fame,happy,pos
ML106,Three Plus,Undercover Lover,relaxed,pos
ML107,Three Plus,Honey Baby,relaxed,pos
ML108,Three Plus,Two Person Party,relaxed,pos
ML109,Bob Marley & The Wailers,Easy Skanking,relaxed,pos
ML110,Gregory Isaacs,Private Beach Party,happy,pos
ML111,Fiji,Anything You Want,relaxed,pos
ML112,Ooklah The Moc,Hell Fire,angry,neg
ML113,Shaggy,Angel ,relaxed,pos
ML114,Sean Paul,I'm Still In Love With You ,happy,pos
ML115,The Beach Boys,Good Vibrations,relaxed,pos
ML116,Orleans,Still The One,happy,pos
ML117,The Babys,Every Time I Think Of You,happy,pos
ML118,R.E.M.,The One I Love,angry,neg
ML119,The Cure,Lovesong,happy,pos
ML120,Annie Lennox,Walking On Broken Glass,sad,neg
ML121,Soft Cell,Tainted Love,happy,pos
ML122,Lenny Kravitz,Again,happy,pos
ML123,Cyndi Lauper,Time After Time,sad,neg
ML124,Falco,Rock Me Amadeus,angry,neg
ML125,The Fixx,Saved By Zero,happy,pos
ML126,Gino Vannelli,Living Inside Myself,angry,neg
ML127,Aretha Franklin,Respect,relaxed,pos
ML128,Melissa Etheridge,I'm The Only One,angry,neg
ML129,Fleetwood Mac,Go Your Own Way,sad,neg
ML130,Andy Kim,Rock Me Gently,relaxed,pos
ML131,The Bee Gees,Lonely Days,sad,neg
ML132,Rod Stewart,Passion,happy,pos
ML133,U2,Pride ,happy,pos
ML134,Janet Jackson,Nasty,sad,neg
ML135,Howard Jones,What Is Love?,happy,pos
ML136,Sheryl Crow,A Change Would Do You Good,relaxed,pos
ML137,The Thompson Twins,King For A Day,happy,pos
ML138,.38 Special,Second Chance,happy,pos
ML139,Depeche Mode,Strangelove,angry,neg
ML140,Kajagoogoo,Too Shy,sad,neg
ML141,The Flying Lizards,Money ,happy,pos
ML142,Kenny Loggins,Danger Zone,angry,neg
ML143,Eddie Money,Think I'm In Love,happy,pos
ML144,Donna Summer,Bad Girls,sad,neg
ML145,John Cougar Mellencamp,Authority Song,angry,neg
ML146,Aerosmith,Janie's Got A Gun,angry,neg
ML147,The Motels,Only The Lonely,sad,neg
ML148,Edwin Starr,War,angry,neg
ML149,Tesla,Love Song,happy,pos
ML150,Andrew Gold,Lonely Boy,sad,neg
ML151,Madonna,Angel,relaxed,pos
ML152,Duran Duran,I Don't Want Your Love,happy,pos
ML153,Alias,More Than Words Can Say,relaxed,pos
ML154,Mr. Mister,Is It Love,happy,pos
ML155,Right Said Fred,I'm Too Sexy,happy,pos
ML156,John Mellencamp,Lonely Ol' Night,sad,neg
ML157,Kenny Loggins,Whenever I Call You Friend ,happy,pos
ML158,The Pointer Sisters,Fire,angry,neg
ML159,Duran Duran,A View To A Kill,angry,neg
ML160,Seals & Crofts,Diamond Girl,relaxed,pos
ML161,April Wine,Just Between You And Me,happy,pos
ML162,Paul McCartney & Wings,My Love,happy,pos
ML163,Nelly Furtado,I'm Like A Bird,relaxed,pos
ML164,The Beatles,Can't Buy Me Love,happy,pos
ML165,Lita Ford,Kiss Me Deadly,happy,pos
ML166,The Trammps,Disco Inferno,angry,neg
ML167,Killswitch Engage,This Fire Burns,angry,neg
ML168,Atreyu,Lip Gloss And Black,angry,neg
ML169,Alkaline Trio,Burn,angry,neg
ML170,Demon Hunter,Lifewar,angry,neg
ML171,Hot Hot Heat,Bandages,sad,neg
ML172,Buzzcocks,Love You More,happy,pos
ML173,Social Distortion,Ring Of Fire,angry,neg
ML174,Streetlight Manifesto,Sick And Sad,sad,neg
ML175,Reel Big Fish,The Fire,angry,neg
ML176,Limp Bizkit,Take A Look Around,angry,neg
ML177,Rancid,The Bravest Kids,angry,neg
ML178,The Clash,White Riot,angry,neg
ML179,Me First & The Gimme Gimmes,Over The Rainbow,relaxed,pos
ML180,The Winans,Uphold Me,happy,pos
ML181,Donnie McClurkin,We Fall Down,sad,neg
ML182,Tonex,God Has Not 4got,happy,pos
ML183,Jonathan Nelson,My Name Is Victory ,happy,pos
ML184,Tamela Mann,Joy Of The Lord,happy,pos
ML185,CeCe Winans,Waging War,angry,neg
ML186,Juanita Bynum,Peace,relaxed,pos
ML187,Vanessa Bell Armstrong,Desire Of My Heart,happy,pos
ML188,B.B. King,The Thrill Is Gone,happy,pos
ML189,The Art Of Noise,Moments In Love,happy,pos
ML190,Norah Jones,Chasing Pirates,sad,neg
ML191,Sade,Never As Good As The First Time,relaxed,pos
ML192,Chaka Khan,Through The Fire,angry,neg
ML193,Alicia Keys,Fallin',happy,pos
ML194,Sade,I Couldn't Love You More,happy,pos
ML195,Sting,It's Probably Me,angry,neg
ML196,Go West,What You Won't Do For Love,happy,pos
ML197,Robin Thicke,Lost Without U,happy,pos
ML198,Sade,No Ordinary Love,happy,pos
ML199,Luther Vandross,Any Love,happy,pos
ML200,Sade,Kiss Of Life,happy,pos
ML201,Jason Mraz,Lucky ,happy,pos
ML202,Kenny G,What A Wonderful World ,relaxed,pos
ML203,Bobby Caldwell,What You Won't Do For Love,happy,pos
ML204,Dave Matthews Band,Crash Into Me,angry,neg
ML205,Michael Buble,Home,relaxed,pos
ML206,Anita Baker,Same Ole Love ,happy,pos
ML207,Enya,Caribbean Blue,relaxed,pos
ML208,Natalie Cole,This Will Be,happy,pos
ML209,Avenged Sevenfold,Scream,angry,neg
ML210,Metallica,Holier Than Thou,sad,neg
ML211,Hail The Villain,Take Back The Fear,angry,neg
ML212,Sick Puppies,Street Fighter ,angry,neg
ML213,Flyleaf,I'm So Sick,sad,neg
ML214,Nirvana,You Know You're Right,angry,neg
ML215,Three Days Grace,Home,relaxed,pos
ML216,Three Days Grace,Animal I Have Become,angry,neg
ML217,Breaking Benjamin,Until The End,angry,neg
ML218,Disturbed,The Game,angry,neg
ML219,Metallica,Seek And Destroy,angry,neg
ML220,Red,Death Of Me,sad,neg
ML221,The Prodigy,Breathe,angry,neg
ML222,Smashing Pumpkins,Disarm,angry,neg
ML223,Soundgarden,Rusty Cage,sad,neg
ML224,Silverchair,Tomorrow,sad,neg
ML225,Rage Against The Machine,Bombtrack,angry,neg
ML226,Taio Cruz,Dirty Picture ,sad,neg
ML227,Baby Bash,That's How I Go ,relaxed,pos
ML228,Baby Bash,Cyclone ,angry,neg
ML229,Baby Bash,Fantasy Girl ,relaxed,pos
ML230,Ivory Joe Hunter,Since I Met You Baby,happy,pos
ML231,Whitney Houston,I Will Always Love You,happy,pos
ML232,Shop Boyz,Party Like A Rock Star,happy,pos
ML233,Lady Gaga,LoveGame,happy,pos
ML234,Mary J. Blige,Real Love,happy,pos
ML235,Chamillionaire,Ridin ,sad,neg
ML236,Keith Sweat,Nobody ,happy,pos
ML237,Juvenile,Slow Motion ,sad,neg
ML238,Mary Wells,What Love Has Joined Together,happy,pos
ML239,Fidel Rueda,Me Encantaria,sad,neg
ML240,Palomo,No Me Conoces Aun,sad,neg
ML241,Los Pikadientes De Caborca,La Cumbia Del Rio,sad,neg
ML242,K-Paz De La Sierra,Volvere,sad,neg
ML243,Chalino Sanchez,Cuatro Espadas,sad,neg
ML244,Banda El Recodo,Pena Tras Pena,sad,neg
ML245,Los Cadetes De Linares,Las Tres Tumbas,sad,neg
ML246,Los Temerarios,Al Otro Lado Del Sol,sad,neg
ML247,Chalino Sanchez,Baraja De Oro ,sad,neg
ML248,Eric Church,Love Your Love The Most,happy,pos
ML249,Tim McGraw,It's Your Love ,happy,pos
ML250,Temple Of The Dog,Hunger Strike,sad,neg
ML251,Eric Clapton,Cocaine,angry,neg
ML252,Soul For Real,Candy Rain,relaxed,pos
ML253,Tank,Sex Music,happy,pos
ML254,Matt Redman,This Is How We Know,happy,pos
ML255,Big Daddy Weave,Just The Way I Am,happy,pos
ML256,Point Of Grace,All The World,relaxed,pos
ML257,Steven Curtis Chapman,All About Love,happy,pos
ML258,Chris Tomlin,Our God,happy,pos
ML259,Steven Curtis Chapman,Not Home Yet,relaxed,pos
ML260,Digital Underground,Kiss You Back,happy,pos
ML261,Mark Ronson,Bang Bang Bang ,sad,neg
ML262,Sting,I Hung My Head,sad,neg
ML263,Carrie Rodriguez,Big Love,happy,pos
ML264,The Secret Sisters,The One I Love Is Gone,relaxed,pos
ML265,Shelby Lynne,Family Tree,sad,neg
ML266,Ra Ra Riot,Foolish,sad,neg
ML267,Nitin Sawhney,Sunset,relaxed,pos
ML268,Sidewalk Prophets,You Can Have Me,happy,pos
ML269,Rebecca St. James,Song Of Love,happy,pos
ML270,Aaron Shust,My Savior My God,happy,pos
ML271,By The Tree,Beautiful One,happy,pos
ML272,Josh Wilson,Before The Morning,angry,neg
ML273,Aaron Shust,Give Me Words To Speak,relaxed,pos
ML274,Jeremy Camp,Take You Back,angry,neg
ML275,Jeremy Camp,Beautiful One,happy,pos
ML276,Rich Mullins,Awesome God,happy,pos
ML277,City On A Hill,God Of Wonders,relaxed,pos
ML278,"Phillips, Craig & Dean",Friend Of God,happy,pos
ML279,Third Day,I've Always Loved You,happy,pos
ML280,Building 429,I Believe ,happy,pos
ML281,DecembeRadio,Love Can,happy,pos
ML282,Avalon,Testify To Love,relaxed,pos
ML283,Sonicflood,I Could Sing Of Your Love Forever,happy,pos
ML284,Nichole Nordeman,Time After Time ,sad,neg
ML285,Marco Antonio Solis,Si No Te Hubieras Ido,sad,neg
ML286,La Sonora Dinamita,Que Nadie Sepa Mi Sufrir,sad,neg
ML287,Grupo Bryndis,Por Estar Pensando En Ti,sad,neg
ML288,Juan Gabriel,Pero Que Necesidad,sad,neg
ML289,Bronco,Oficialmente Loco,sad,neg
ML290,Los Pasteles Verdes,El Solitario,sad,neg
ML291,Ana Barbara,Bandido,sad,neg
ML292,Joan Sebastian,Rumores ,sad,neg
ML293,Jose Jose,Lo Dudo,sad,neg
ML294,Los Mier,Te Amo,sad,neg
ML295,Camilo Sesto,Tarde O Temprano,sad,neg
ML296,Marco Antonio Solis,Amor En Silencio,sad,neg
ML297,Vicente Fernandez,El Rey,sad,neg
ML298,Los Humildes,Vestido Mojado,sad,neg
ML299,Los Bukis,Que Mala,sad,neg
ML300,Joan Sebastian,El Perdedor,sad,neg
ML301,La Mafia,Me Estoy Enamorando,sad,neg
ML302,Banda Machos,Al Gato Y Al Raton,sad,neg
ML303,Joan Sebastian,Sentimental,sad,neg
ML304,Palomo,Baraja De Oro,sad,neg
ML305,The Bee Gees,Night Fever,sad,neg
ML306,Deniece Williams,It's Gonna Take A Miracle,happy,pos
ML307,Wings,Silly Love Songs,happy,pos
ML308,Faith Hill,This Kiss,happy,pos
ML309,Daryl Hall & John Oates,Kiss On My List,happy,pos
ML310,Celine Dion,My Heart Will Go On,happy,pos
ML311,Cher,Believe,happy,pos
ML312,Backstreet Boys,I Want It That Way,angry,neg
ML313,Lil Wayne,On Fire,angry,neg
ML314,Kylie,All The Lovers,angry,neg
ML315,Chromeo,Don't Turn The Lights On,sad,neg
ML316,Rockell,In A Dream,happy,pos
ML317,Infernal,From Paris To Berlin,happy,pos
ML318,Ministry,Everyday Is Halloween,angry,neg
ML319,Ferry Corsten,Fire,angry,neg
ML320,Yves Larock,Rise Up,relaxed,pos
ML321,Angel City,Love Me Right ,happy,pos
ML322,MercyMe,Bless Me Indeed,relaxed,pos
ML323,Aaron Shust,Watch Over Me,sad,neg
ML324,Pocket Full Of Rocks,Song To The King,happy,pos
ML325,The Museum,Never Look Away,angry,neg
ML326,Brandon Heath,Love Never Fails,happy,pos
ML327,Above The Golden State,I'll Love You So,happy,pos
ML328,Jars Of Clay,They'll Know We Are Christians By Our Love,happy,pos
ML329,Mark Schultz,Love Has Come,happy,pos
ML330,Robbie Seay Band,Song Of Hope ,happy,pos
ML331,Matt Brouwer,Sometimes,angry,neg
ML332,Third Day,I Believe,happy,pos
ML333,Fee,Glory To God Forever,happy,pos
ML334,Sade,Somebody Already Broke My Heart,angry,neg
ML335,Al Green,I'm Still In Love With You,happy,pos
ML336,Phil Collins,Another Day In Paradise,relaxed,pos
ML337,Jonathan Butler,So Strong,happy,pos
ML338,The Cardigans,Lovefool,happy,pos
ML339,Ryan Star,Start A Fire,angry,neg
ML340,Dido,Hunter,relaxed,pos
ML341,R.E.M.,Shiny Happy People,happy,pos
ML342,Evanescence,My Immortal,angry,neg
ML343,Michelle Branch,All You Wanted,sad,neg
ML344,Tonic,You Wanted More,happy,pos
ML345,Fontella Bass,Rescue Me,happy,pos
ML346,The Beach Boys,Wouldn't It Be Nice,relaxed,pos
ML347,Three Dog Night,An Old Fashioned Love Song,happy,pos
ML348,The Beatles,Here Comes The Sun,relaxed,pos
ML349,Billy Joel,Uptown Girl,relaxed,pos
ML350,The Beatles,Love Me Do ,happy,pos
ML351,The Beatles,In My Life,happy,pos
ML352,The Beatles,All You Need Is Love,happy,pos
ML353,Johnny Nash,I Can See Clearly Now,relaxed,pos
ML354,Three Dog Night,Joy To The World,happy,pos
ML355,Ringo Starr,It Don't Come Easy,relaxed,pos
ML356,Shontelle,Perfect Nightmare,angry,neg
ML357,Ke$ha,Your Love Is My Drug,happy,pos
ML358,Shenandoah,I Want To Be Loved Like That,happy,pos
ML359,George Strait,Baby Blue,relaxed,pos
ML360,Porter Wagoner,"Green, Green Grass Of Home",relaxed,pos
ML361,John Anderson,Wild And Blue,relaxed,pos
ML362,Merle Haggard,Rainbow Stew,relaxed,pos
ML363,Juice Newton,Angel Of The Morning,relaxed,pos
ML364,Randy Travis,If I Didn't Have You,sad,neg
ML365,Johnny Cash,Ring Of Fire,angry,neg
ML366,Willie Nelson,Always On My Mind,relaxed,pos
ML367,Dwight Yoakam,Honky Tonk Man,relaxed,pos
ML368,Mark Chesnutt,Brother Jukebox,relaxed,pos
ML369,Cavo,Blame,sad,neg
ML370,Sammy Hagar,I Don't Need Love,happy,pos
ML371,Alice Cooper,School's Out,sad,neg
ML372,Kiss,Do You Love Me?,happy,pos
ML373,Led Zeppelin,Nobody's Fault But Mine,sad,neg
ML374,ZZ Top,Blue Jean Blues,relaxed,pos
ML375,Thirty Seconds To Mars,This Is War,angry,neg
ML376,311,Lovesong,happy,pos
ML377,Marilyn Manson,Tainted Love,happy,pos
ML378,Muse,Supermassive Black Hole,sad,neg
ML379,Three Days Grace,Pain,angry,neg
ML380,The Cult,Fire Woman,angry,neg
ML381,Nirvana,Polly,sad,neg
ML382,Stone Temple Pilots,Unglued,sad,neg
ML383,Jimmy Eat World,Pain,angry,neg
ML384,Blink-182,I Miss You,sad,neg
ML385,Cake,Sick Of You,sad,neg
ML386,Metric,Eclipse ,angry,neg
ML387,Cake,War Pigs,angry,neg
ML388,Marilyn Manson,The Fight Song,angry,neg
ML389,Muse,Map Of The Problematique,sad,neg
ML390,The Temptations,I Want A Love I Can See,happy,pos
ML391,Alejandro Fernandez,Matalas,sad,neg
ML392,Mary J. Blige,I Love You,happy,pos
ML393,Liquits,Desde Que,sad,neg
ML394,Pedro Infante,Luna De Octubre,sad,neg
ML395,Bobby Vinton,Mr. Lonely,sad,neg
ML396,Tommy James & The Shondells,Crystal Blue Persuasion,relaxed,pos
ML397,Victor Manuelle,Nunca Habia Llorado Asi ,sad,neg
ML398,Ian Van Dahl,Will I,happy,pos
ML399,Kosheen,Hide U,angry,neg
ML400,Ronnie Milsap,Stranger In My House,relaxed,pos
ML401,Hank Williams,Your Cheatin' Heart,relaxed,pos
ML402,Mark Chesnutt,Your Love Is A Miracle,happy,pos
ML403,Dolly Parton,Real Love,happy,pos
ML404,Patty Loveless,I'm That Kind Of Girl,relaxed,pos
ML405,The Marshall Tucker Band,Heard It In A Love Song,happy,pos
ML406,T. Graham Brown,I Tell It Like It Used To Be,happy,pos
ML407,Marty Stuart,Burn Me Down,angry,neg
ML408,George Strait,Let's Fall To Pieces Together,sad,neg
ML409,Sammi Smith,Help Me Make It Through The Night,sad,neg
ML410,Dolly Parton,Love Is Like A Butterfly,relaxed,pos
ML411,Dolly Parton,I Will Always Love You,happy,pos
ML412,Emmylou Harris,Queen Of The Silver Dollar,relaxed,pos
ML413,Earl Thomas Conley,I Can't Win For Losin' You,happy,pos
ML414,Charley Pride,Kiss An Angel Good Mornin',happy,pos
ML415,The Judds,Love Can Build A Bridge,happy,pos
ML416,Jack Ingram,Mustang Burn,angry,neg
ML417,George Strait,True,relaxed,pos
ML418,Vince Gill,When I Call Your Name,sad,neg
ML419,Alabama,Old Flame,angry,neg
ML420,Dwight Yoakam,Please Please Baby,relaxed,pos
ML421,Eddie Rabbitt,You And I,happy,pos
ML422,Dwight Yoakam,Ain't That Lonely Yet,sad,neg
ML423,Jonatha Brooke,Little Bird,relaxed,pos
ML424,Quincy Jones,Killer Joe,sad,neg
ML425,Roberta Flack & Donny Hathaway,Where Is The Love,happy,pos
ML426,Jon B.,Someone To Love ,happy,pos
ML427,Jack Ingram,Love You,happy,pos
ML428,Taylor Dayne,I'll Always Love You,happy,pos
ML429,Santana,Whole Lotta Love ,happy,pos
ML430,Soundgarden,Let Me Drown,angry,neg
ML431,Alice Cooper,Poison,angry,neg
ML432,Dokken,Alone Again,sad,neg
ML433,Iron Maiden,Phantom Of The Opera,sad,neg
ML434,Scorpions,Animal Magnetism,happy,pos
ML435,Black Sabbath,The Devil Cried,angry,neg
ML436,The Who,Long Live Rock,sad,neg
ML437,Led Zeppelin,Bring It On Home,relaxed,pos
ML438,Scorpions,Coming Home,relaxed,pos
ML439,Brian McKnight,Love Of My Life,happy,pos
ML440,Lionel Richie,Penny Lover,happy,pos
ML441,Lisa Stansfield,Change,happy,pos
ML442,Celine Dion,Love Can Move Mountains,happy,pos
ML443,Jah Cure,Love Is,happy,pos
ML444,Jody Watley,Looking For A New Love,happy,pos
ML445,Bobby Darin,Dream Lover,relaxed,pos
ML446,The Archies,"Sugar, Sugar",relaxed,pos
ML447,Gwen Mccrae,Rockin' Chair,relaxed,pos
ML448,Whitney Houston,You Give Good Love,happy,pos
ML449,Paul Anka,Puppy Love,happy,pos
ML450,Harold Melvin & The Blue Notes,Don't Leave Me This Way,happy,pos
ML451,Gyptian,Beautiful Lady,relaxed,pos
ML452,Bob Marley & The Wailers,So Much Trouble In The World,angry,neg
ML453,Donna Summer,Love To Love You Baby,happy,pos
ML454,Donna Summer,I Feel Love,happy,pos
ML455,New Edition,Lost In Love,happy,pos
ML456,Duane Stephenson,Cottage In Negril,relaxed,pos
ML457,Beyonce,Dangerously In Love,happy,pos
ML458,Rihanna,Russian Roulette,angry,neg
ML459,Michael Jackson,Gone Too Soon,relaxed,pos
ML460,Shania Twain,From This Moment On,relaxed,pos
ML461,Julio Iglesias,My Love,happy,pos
ML462,"Phillips, Craig & Dean",You Are God Alone,happy,pos
ML463,Matt Brouwer,"Father, I Adore You",happy,pos
ML464,Counting Crows,Accidentally In Love,happy,pos
ML465,Fistful Of Mercy,Father's Son,sad,neg
ML466,Greg Laswell,Take Everything ,relaxed,pos
ML467,A Flock Of Seagulls,Space Age Love Song,happy,pos
ML468,Peter Gabriel,Shock The Monkey,sad,neg
ML469,Los Tigres Del Norte,Jose Perez Leon,sad,neg
ML470,The Beatles,P.S. I Love You,happy,pos
ML471,Portugal. The Man,People Say,angry,neg
ML472,Concrete Blonde,Joey,angry,neg
ML473,Bruce Springsteen,I'm On Fire,angry,neg
ML474,Sufjan Stevens,Vesuvius,angry,neg
ML475,Fastball,Out Of My Head,sad,neg
ML476,Dire Straits,So Far Away,relaxed,pos
ML477,Train,Cab,sad,neg
ML478,Blind Faith,Can't Find My Way Home,relaxed,pos
ML479,Dave Matthews Band,Everyday,happy,pos
ML480,Pete Droge & The Sinners,Beautiful Girl,relaxed,pos
ML481,Roxy Music,Jealous Guy,angry,neg
ML482,Shawn Colvin,Get Out Of This House,relaxed,pos
ML483,U2,Window In The Skies,happy,pos
ML484,Mark Schultz,Love Has Come,happy,pos
ML485,Sidewalk Prophets,You Can Have Me,happy,pos
ML486,Josh Wilson,Before The Morning,angry,neg
ML487,Brandon Heath,Your Love,happy,pos
ML488,Jeremy Camp,Take You Back,angry,neg
ML489,Third Day,God Of Wonders,relaxed,pos
ML490,The Georgia Mass Choir,Joy,happy,pos
ML491,Stevie Wonder,Lookin' For Another Pure Love,happy,pos
ML492,Jody Watley,Real Love,happy,pos
ML493,Chet Baker,Let's Get Lost,angry,neg
ML494,Nina Simone,Feeling Good,relaxed,pos
ML495,Mel Torme,Comin' Home Baby,relaxed,pos
ML496,Freddie Hubbard,Red Clay,happy,pos
ML497,Cassandra Wilson,Time After Time,sad,neg
ML498,Patrice Rushen,Remind Me,happy,pos
ML499,Curtis Mayfield,Give Me Your Love ,happy,pos
ML500,Chayanne,Tu Boca,sad,neg
ML501,Jeremias,Hay Un Amor Afuera,sad,neg
ML502,David Bisbal,Esclavo De Sus Besos,sad,neg
ML503,Darlene Zschech,Call Upon His Name ,relaxed,pos
ML504,Aaron Shust,To God Alone,happy,pos
ML505,Laura Story,What A Savior,happy,pos
ML506,Darrell Evans,Trading My Sorrows,angry,neg
ML507,Newsong,My Heart's Already There,happy,pos
ML508,Britt Nicole,The Lost Get Found,angry,neg
ML509,Jadon Lavik,Hear Our Song,happy,pos
ML510,The Afters,All That I Am,happy,pos
ML511,Todd Agnew,Joy Unspeakable,happy,pos
ML512,Norman Hutchins,Get Ready For Your Miracle,happy,pos
ML513,Diana Krall,You're My Thrill,happy,pos
ML514,Jonathan Butler,Color Green,relaxed,pos
ML515,John Coltrane,Acknowledgement,happy,pos
ML516,Seether,Driven Under,angry,neg
ML517,Soundgarden,Rhinosaur,sad,neg
ML518,Metallica,Fight Fire With Fire,angry,neg
ML519,Deftones,You've Seen the Butcher,sad,neg
ML520,Velvet Revolver,Fall To Pieces,sad,neg
ML521,Puddle Of Mudd,Away From Me,angry,neg
ML522,Staind,Home,angry,neg
ML523,Pearl Jam,Glorified G,angry,neg
ML524,Alex Bueno,Que Vuelva,sad,neg
ML525,Los Iracundos,Y Te Has Quedado Sola,sad,neg
ML526,Moenia,Ni Tu Ni Nadie,sad,neg
ML527,David Guetta,On The Dancefloor ,angry,neg
ML528,Los Cadetes De Linares,El Palomito,sad,neg
ML529,La Oreja De Van Gogh,Vestido Azul,sad,neg
ML530,Paulina Rubio,Algo De Ti,sad,neg
ML531,Fred Hammond & Radical For Christ,I Will Bless His Holy Name,relaxed,pos
ML532,Whitney Houston,Joy ,happy,pos
ML533,Israel & New Breed,Friend Of God,happy,pos
ML534,Micah Stampley,War Cry,angry,neg
ML535,Gary Wright,Love Is Alive,happy,pos
ML536,Scissor Sisters,Fire With Fire,angry,neg
ML537,The Drifters,Some Kind Of Wonderful,relaxed,pos
ML538,J. Moss,Abundantly,relaxed,pos
ML539,Phil Perry,Love Don't Love Nobody,happy,pos
ML540,Cherrelle,Everything I Miss At Home,relaxed,pos
ML541,The Ohio Players,Love Rollercoaster,happy,pos
ML542,The Staple Singers,Respect Yourself,relaxed,pos
ML543,Clyde McPhatter,Lover Please,sad,neg
ML544,The Jackson 5,Maybe Tomorrow,relaxed,pos
ML545,The Blackbyrds,Walking In Rhythm,relaxed,pos
ML546,Shalamar,Take That To The Bank,happy,pos
ML547,Maze,Love Is The Key ,relaxed,pos
ML548,Gerald Levert,Baby Hold On To Me,relaxed,pos
ML549,Maxwell,Fortunate,relaxed,pos
ML550,Eddie Kendricks,Intimate Friends,happy,pos
ML551,Teena Marie,Young Love,happy,pos
ML552,Ledisi,In The Morning,happy,pos
ML553,Miki Howard,Come Share My Love,happy,pos
ML554,Smokey Robinson,I Can't Give You Anything But Love,happy,pos
ML555,George Benson,Don't Let Me Be Lonely Tonight,sad,neg
ML556,Natalie Cole,Our Love,happy,pos
ML557,Jimmy Sommers,If I Knew ,angry,neg
ML558,Kindred The Family Soul,House Of Love,relaxed,pos
ML559,Anita Baker,Angel,relaxed,pos
ML560,Usher,Burn,angry,neg
ML561,Waka Flocka Flame,Bustin' At 'Em,sad,neg
ML562,Wavves,Mickey Mouse,sad,neg
ML563,Suuns,Organ Blues,happy,pos
ML564,The Apples In Stereo,Dream About The Future,relaxed,pos
ML565,Bob Marley & The Wailers,Small Axe,sad,neg
ML566,Waking The Cadaver,Boss Status,angry,neg
ML567,Jah Cure,Troddin The Valley,angry,neg
ML568,Bonnie 'Prince' Billy,Love Comes To Me,happy,pos
ML569,Clap Your Hands Say Yeah,In This Home On Ice,sad,neg
ML570,No Age,Fever Dreaming,sad,neg
ML571,Grizzly Bear,Knife,angry,neg
ML572,Out Hud,It's For You,sad,neg
ML573,Hot Snakes,Braintrust,relaxed,pos
ML574,Gravenhurst,The Velvet Cell,angry,neg
ML575,Jemina Pearl,I Hate People ,angry,neg
ML576,Asobi Seksu,Thursday,sad,neg
ML577,Someone Still Loves You Boris Yeltsin,In Pairs,happy,pos
ML578,Living Sacrifice,The Training,angry,neg
ML579,Elliott Smith,Let's Get Lost,angry,neg
ML580,Spank Rock,What It Look Like,sad,neg
ML581,Stacey Kent,What A Wonderful World,relaxed,pos
ML582,Frank Sinatra,My Kind Of Girl,relaxed,pos
ML583,Ted Weems,Heartaches,happy,pos
ML584,Rosemary Clooney,Come On-A My House,relaxed,pos
ML585,Tommy Dorsey & His Orchestra,I'll Never Smile Again ,happy,pos
ML586,Billie Holiday,Nice Work If You Can Get It,relaxed,pos
ML587,Nat King Cole,Too Young,happy,pos
ML588,Frank Sinatra,Nice 'N' Easy,relaxed,pos
ML589,Nat King Cole,The Very Thought Of You ,relaxed,pos
ML590,Escape The Fate,Issues,sad,neg
ML591,Garbage,Stupid Girl,sad,neg
ML592,Alkaline Trio,This Addiction,sad,neg
ML593,Radiohead,Just,sad,neg
ML594,Deftones,Minerva,relaxed,pos
ML595,Sublime,Jailhouse,angry,neg
ML596,Against Me!,I Was A Teenage Anarchist,angry,neg
ML597,Sade,Love Is Stronger Than Pride,happy,pos
ML598,Bruce Hornsby,Walk In The Sun,relaxed,pos
ML599,Brian McKnight,Crazy Love,happy,pos
ML600,Lionel Richie,You Are,happy,pos
ML601,Harry Nilsson,Jump Into The Fire,happy,pos
ML602,The Derek Trucks Band,Rastaman Chant,relaxed,pos
ML603,Monchy & Alexandra,Dos Locos,sad,neg
ML604,Chayanne,Un Siglo Sin Ti,sad,neg
ML605,Domenic Marte,Eres Asi,sad,neg
ML606,Juanes,Me Enamora,sad,neg
ML607,Aleks Syntek,Duele El Amor ,sad,neg
ML608,Amy Grant,Lucky One,happy,pos
ML609,Natalie Cole,Inseparable,relaxed,pos
ML610,Michael Jackson,One More Chance,happy,pos
ML611,Robert John,Sad Eyes,sad,neg
ML612,Elton John,Blue Eyes,relaxed,pos
ML613,Bread,Make It With You,relaxed,pos
ML614,Wilson Phillips,You're In Love,happy,pos
ML615,Three Dog Night,Black & White,relaxed,pos
ML616,Carly Simon,Haven't Got Time For The Pain,angry,neg
ML617,Kenny Loggins,Meet Me Half Way,relaxed,pos
ML618,Lionel Richie,Truly,happy,pos
ML619,Stevie Wonder,Sweetest Somebody I Know,happy,pos
ML620,Michael Jackson,Got To Be There,relaxed,pos
ML621,The Emotions,Don't Ask My Neighbors,angry,neg
ML622,The Majors,A Wonderful Dream,relaxed,pos
ML623,The Everly Brothers,All I Have To Do Is Dream,relaxed,pos
ML624,War,The World Is A Ghetto,relaxed,pos
ML625,The O'Jays,For The Love Of Money,happy,pos
ML626,The Rolling Stones,I Just Want To Make Love To You,happy,pos
ML627,The Beatles,Birthday,happy,pos
ML628,The Beatles,The End,happy,pos
ML629,.38 Special,Fantasy Girl,relaxed,pos
ML630,The Beatles,Happiness Is A Warm Gun,angry,neg
ML631,The Jimi Hendrix Experience,Stone Free,relaxed,pos
ML632,Alice Cooper,Be My Lover,relaxed,pos
ML633,Sanctus Real,The Face Of Love,happy,pos
ML634,BarlowGirl,I Need You To Love Me,happy,pos
ML635,John Prine,Glory Of True Love,happy,pos
ML636,Luciano,For The Leaders,angry,neg
ML637,Gregory Isaacs,Slavemaster,angry,neg
ML638,Chimaira,Pure Hatred,angry,neg
ML639,Sevendust,Bitch,angry,neg
ML640,Theory Of A Deadman,Hate My Life,angry,neg
ML641,Evans Blue,Cold ,sad,neg
ML642,Patricia Barber,Easy To Love,relaxed,pos
ML643,Alabama,Down Home,relaxed,pos
ML644,Jo Dee Messina,Bring On The Rain,sad,neg
ML645,Thousand Foot Krutch,Fire It Up,angry,neg
ML646,God Forbid,War Of Attrition,angry,neg
ML647,Nirvana,Come As You Are,angry,neg
ML648,Chiodos,Caves,angry,neg
ML649,Nirvana,Polly ,sad,neg
ML650,Lit,Miserable,angry,neg
ML651,Olga Tanon,Asi Es La Vida,sad,neg
ML652,Britney Spears,Toxic,angry,neg
ML653,Natasha Bedingfield,These Words,happy,pos
ML654,Akon,Don't Matter,angry,neg
ML655,Sean Kingston,Fire Burning On The Dance Floor,angry,neg
ML656,Robert Plant,You Can't Buy My Love,happy,pos
ML657,Rosanne Cash,Motherless Children,happy,pos
ML658,The Black Keys,Next Girl,relaxed,pos
ML659,The Beatles,Octopus's Garden,relaxed,pos
ML660,Moby,Study War,angry,neg
ML661,Neil Young,Sign Of Love,happy,pos
ML662,John Lennon & The Plastic Ono Band,Power To The People,happy,pos
ML663,Iron Fire,Still Alive,angry,neg
ML664,The Sword,Freya,sad,neg
ML665,Inoj,Time After Time,sad,neg
ML666,Reba,Strange,relaxed,pos
ML667,Tanya Tucker,Some Kind Of Trouble,angry,neg
ML668,Tanya Tucker,Down To My Last Teardrop,relaxed,pos
ML669,Shadows Fall,Still I Rise,angry,neg
ML670,Backstreet Boys,Quit Playing Games ,happy,pos
ML671,Peter Cetera,Glory Of Love,happy,pos
ML672,Blessid Union Of Souls,I Believe,happy,pos
ML673,The Gap Band,You Dropped A Bomb On Me,angry,neg
ML674,Debbie Gibson,Shake Your Love,happy,pos
ML675,Incubus,Love Hurts,happy,pos
ML676,The Psychedelic Furs,Heaven,relaxed,pos
ML677,Dinosaur Jr.,Feel The Pain,angry,neg
ML678,Echo & The Bunnymen,People Are Strange,sad,neg
ML679,Iggy Pop,Lust For Life,happy,pos
ML680,Crocodiles,Sleep Forever,relaxed,pos
ML681,Nirvana,Sliver,relaxed,pos
ML682,Ashanti,The Way That I Love You,happy,pos
ML683,Maze,Southern Girl ,relaxed,pos
ML684,Carole King,Will You Love Me Tomorrow?,happy,pos
ML685,Mint Condition,You Don't Have To Hurt No More,angry,neg
ML686,Robin Thicke,The Sweetest Love,happy,pos
ML687,Eliane Elias,Movin' Me On,relaxed,pos
ML688,Interpol,Barricade,sad,neg
ML689,Rob Zombie,Mars Needs Women,angry,neg
ML690,Rascal Flatts,I Won't Let Go,angry,neg
ML691,The Beatles,Golden Slumbers,relaxed,pos
ML692,Spirit,Fresh Garbage,sad,neg
ML693,Vanilla Fudge,You Keep Me Hangin' On,happy,pos
ML694,The Sylvers,Boogie Fever,sad,neg
ML695,George Harrison,What Is Life,happy,pos
ML696,Nicolette Larson,Lotta Love,happy,pos
ML697,Lindsey Buckingham,Trouble,angry,neg
ML698,U2,Angel Of Harlem,relaxed,pos
ML699,Grand Funk Railroad,Bad Time,happy,pos
ML700,Haddaway,What Is Love,angry,neg
ML701,The S.O.S. Band,Take Your Time ,relaxed,pos
ML702,Peter Frampton,I'm In You,happy,pos
ML703,Operation Ivy,Unity,angry,neg
ML704,Papa Roach,Burn,angry,neg
ML705,Apocalyptica,Bring Them To Light ,angry,neg
ML706,Kopek,Love Is Dead,angry,neg
ML707,Peaches & Herb,Close Your Eyes,happy,pos
ML708,The Temptations,You're My Everything,relaxed,pos
ML709,GQ,I Do Love You,happy,pos
ML710,Chalino Sanchez,El Crimen De Culiacan,sad,neg
ML711,Shedaisy,Come Home Soon,relaxed,pos
ML712,Garth Brooks,Standing Outside The Fire,angry,neg
ML713,Lee Ann Womack,I May Hate Myself In The Morning,angry,neg
ML714,Nat King Cole,L-O-V-E,happy,pos
ML715,Jose Feliciano,Light My Fire,angry,neg
ML716,DeBarge,All This Love,happy,pos
ML717,Norah Jones,My Blue Heaven,relaxed,pos
ML718,Elmore James,The Sky Is Crying,relaxed,pos
ML719,Elvis Costello,One Bell Ringing,sad,neg
ML720,Nicki Minaj,Save Me,relaxed,pos
ML721,Brandon Heath,Your Love,happy,pos
ML722,Michael W. Smith,Awesome God,happy,pos
ML723,Jeremy Riddle,Bless His Name,relaxed,pos
ML724,"Phillips, Craig & Dean",Because I'm Forgiven,happy,pos
ML725,Sarah Sadler,Beautiful,happy,pos
ML726,Juan Gabriel,Abrazame Muy Fuerte,sad,neg
ML727,Chalino Sanchez,Baraja De Oro,sad,neg
ML728,Sam Cooke,Trouble Blues,angry,neg
ML729,Salvador,You Are There,happy,pos
ML730,Billy Ocean,Love Is Forever,happy,pos
ML731,Seal,I'm Still In Love With You,happy,pos
ML732,Intocable,Contra Viento Y Marea,sad,neg
ML733,Sonny James,Young Love,happy,pos
ML734,Dolly Parton,Yellow Roses,relaxed,pos
ML735,Innerpartysystem,American Trash,sad,neg
ML736,Edward Sharpe & The Magnetic Zeros,Home,relaxed,pos
ML737,Tenacious D,The Metal,sad,neg
ML738,The Heartbeats,A Thousand Miles Away,relaxed,pos
ML739,Surface,Happy,happy,pos
ML740,The Gap Band,Yearning For Your Love,happy,pos
ML741,War,Outlaw,angry,neg
ML742,Dinora Y La Juventud,A Puro Dolor,sad,neg
ML743,Lhasa,De Cara A La Pared,sad,neg
ML744,Duncan Dhu,En Algun Lugar,sad,neg
ML745,Miguel Aceves Mejia,Rogaciano,sad,neg
ML746,Audioslave,Original Fire,angry,neg
ML747,Chickenfoot,Sexy Little Thing,happy,pos
ML748,Veruca Salt,Seether,angry,neg
ML749,Corinne Bailey Rae,Is This Love,happy,pos
ML750,Jack White,Wayfaring Stranger,relaxed,pos
ML751,Cross Canadian Ragweed,Fightin' For,angry,neg
ML752,Janie Frickie,It Ain't Easy Bein' Easy,relaxed,pos
ML753,The Statler Brothers,Bed Of Roses,relaxed,pos
ML754,Dolly Parton,But You Know I Love You,happy,pos
ML755,Marilyn Manson,The Nobodies,sad,neg
ML756,Ozzy Osbourne,Killer Of Giants,angry,neg
ML757,L.A. Guns,Never Enough,relaxed,pos
ML758,Iron Maiden,Iron Maiden,sad,neg
ML759,Honeymoon Suite,New Girl Now,relaxed,pos
ML760,Stevie Ray Vaughan & Double Trouble,Willie The Wimp ,sad,neg
ML761,Faith Evans,Love Like This,happy,pos
ML762,Elvis Presley,Jailhouse Rock,sad,neg
ML763,Al Martino,I Love You Because,happy,pos
ML764,George McCrae,Rock Your Baby,relaxed,pos
ML765,Bruce Springsteen,Save My Love,relaxed,pos
ML766,Dolores O'Riordan,The Journey,relaxed,pos
ML767,She & Him,I Should Have Known Better,happy,pos
ML768,Ian Dury & The Blockheads,Hit Me With Your Rhythm Stick,angry,neg
ML769,The Red Hot Chili Peppers,Behind The Sun,relaxed,pos
ML770,J.D. Souther,You're Only Lonely,sad,neg
ML771,Freelance Whales,Starring,angry,neg
ML772,The Cure,Fascination Street,sad,neg
ML773,Jack Johnson,Wasting Time,sad,neg
ML774,The Beatles,Thank You Girl ,relaxed,pos
ML775,Electronic,Getting Away With It,happy,pos
ML776,Chris Tomlin,Our God,happy,pos
ML777,Robbie Seay Band,Song of Hope,happy,pos
ML778,Hezekiah Walker & The Love Fellowship Crusade Choir,Grateful ,relaxed,pos
ML779,Martha Munizzi,Invincible God,happy,pos
ML780,Vickie Winans,The Rainbow,relaxed,pos
ML781,The Shirelles,Will You Love Me Tomorrow,happy,pos
ML782,Dianne Reeves,Afro Blue,relaxed,pos
ML783,Black Label Society,Bored To Tears,sad,neg
ML784,George Michael,I Want Your Sex,happy,pos
ML785,Slayer,War Ensemble,angry,neg
ML786,Metallica,Crash Course In Brain Surgery,angry,neg
ML787,Monchy & Alexandra,Hasta El Fin,sad,neg
ML788,Patrulla 81,Como Me Haces Falta,sad,neg
ML789,Aliados De La Sierra,Te Amo,sad,neg
ML790,Los Rieleros Del Norte,Un Juego,sad,neg
ML791,Conjunto Primavera,El Amor Que Nunca Fue,sad,neg
ML792,Luther Vandross,Anyone Who Had A Heart,happy,pos
ML793,New Edition,Candy Girl,relaxed,pos
ML794,Tower Of Power,Give Me Your Love,happy,pos
ML795,Joan Osborne,War,angry,neg
ML796,Jimmy Smith,Strut ,relaxed,pos
ML797,"Harry Connick, Jr.",My Blue Heaven,relaxed,pos
ML798,The Brian Setzer Orchestra,The Dirty Boogie,sad,neg
ML799,Joni Mitchell,Sometimes I'm Happy,happy,pos
ML800,Jimmy Smith,I Just Wanna Make Love To You ,happy,pos
ML801,The Naked And Famous,All Of This,sad,neg
ML802,The Jesus & Mary Chain,Just Like Honey,relaxed,pos
ML803,Destructor,Skull Splitter,sad,neg
ML804,Noah And The Whale,Give A Little Love,happy,pos
ML805,Grizzly Bear,Lullabye,relaxed,pos
ML806,Best Coast,Honey,relaxed,pos
ML807,Warpaint,Composure,sad,neg
ML808,Sly & The Family Stone,Family Affair,relaxed,pos
ML809,Gliss,Morning Light,happy,pos
ML810,Kaiser Chiefs,I Predict A Riot,angry,neg
ML811,Buzzcocks,Ever Fallen In Love?,happy,pos
ML812,Jay Reatard,DOA,happy,pos
ML813,OFF!,Upside Down,sad,neg
ML814,The Jesus & Mary Chain,The Hardest Walk,sad,neg
ML815,Fang Island,The Illinois,relaxed,pos
ML816,The Decemberists,This Is Why We Fight,angry,neg
ML817,No Age,Life Prowler,happy,pos
ML818,Someone Still Loves You Boris Yeltsin,Everlyn,sad,neg
ML819,Billie Holiday,There Is No Greater Love,happy,pos
ML820,Louis Armstrong,Stormy Weather,sad,neg
ML821,Chevelle,Vitamin R ,angry,neg
ML822,Deftones,Bored,sad,neg
ML823,Muse,Knights Of Cydonia,angry,neg
ML824,Bebel Gilberto,Aganju,sad,neg
ML825,Peter Gabriel,Digging In The Dirt,sad,neg
ML826,KMFDM,WWIII,angry,neg
ML827,Michael Bolton,Said I Loved You...But I Lied,happy,pos
ML828,England Dan & John Ford Coley,It's Sad To Belong,sad,neg
ML829,Queen Latifah,What Love Has Joined Together,happy,pos
ML830,Roberta Flack,Set The Night To Music ,relaxed,pos
ML831,Otis Redding,Respect,relaxed,pos
ML832,"Emerson, Lake & Palmer",From The Beginning,sad,neg
ML833,Roisin Murphy,Let Me Know,sad,neg
ML834,Elton John,Sad Songs ,sad,neg
ML835,Sarah Vaughan,You're Not The Kind,relaxed,pos
ML836,Alan Jackson,A Woman's Love,happy,pos
ML837,Dean Martin,Innamorata,happy,pos
ML838,Fine Young Cannibals,Ever Fallen In Love,happy,pos
ML839,LeAnn Rimes,God Bless America,relaxed,pos
ML840,Diana Krall,Little Girl Blue,relaxed,pos
ML841,Billie Holiday,Did I Remember?,angry,neg
ML842,Billie Holiday,The Very Thought Of You,relaxed,pos
ML843,"Hamilton, Joe Frank & Reynolds",Fallin' In Love,happy,pos
ML844,Mary J. Blige,Real Love ,happy,pos
ML845,Trivium,Shattering The Skies Above,angry,neg
ML846,Jarabe De Palo,El Lado Oscuro,sad,neg
ML847,Ricardo Arjona,Pinguinos En La Cama,sad,neg
ML848,The Oak Ridge Boys,Fancy Free,relaxed,pos
ML849,Bobby Bare,500 Miles Away From Home,relaxed,pos
ML850,Willie Nelson,Let It Be Me,happy,pos
ML851,Willie Nelson,Blue Skies,relaxed,pos
ML852,Ronnie Milsap,"Happy, Happy Birthday Baby",happy,pos
ML853,Dolly Parton,Think About Love,happy,pos
ML854,Marty Robbins,Big Iron,sad,neg
ML855,Faron Young,Hello Walls,sad,neg
ML856,Billy Swan,I Can Help,relaxed,pos
ML857,Frank Sinatra,Nice Work If You Can Get It,relaxed,pos
ML858,The Red Hot Chili Peppers,Fortune Faded,sad,neg
ML859,Taddy Porter,Shake Me,sad,neg
ML860,Rob Zombie,Sick Bubble-Gum,sad,neg
ML861,Egypt Central,You Make Me Sick,sad,neg
ML862,Juelz Santana,There It Go ,relaxed,pos
ML863,Skindred,Pressure,angry,neg
ML864,The Wannadies,Skin,happy,pos
ML865,Vanessa Williams,My Flame,happy,pos
ML866,Paula Abdul,The Way That You Love Me,happy,pos
ML867,My Morning Jacket,Circuital,sad,neg
ML868,The Beatles,Yer Blues,sad,neg
ML869,George Harrison,Isn't It A Pity,sad,neg
ML870,Arthur Brown,Fire,angry,neg
ML871,J Boog,Let's Do It Again ,relaxed,pos
ML872,Kapena,Masese,sad,neg
ML873,Pat Benatar,Fire And Ice,angry,neg
ML874,The Four Tops,When She Was My Girl,relaxed,pos
ML875,The Honey Drippers,Sea Of Love,happy,pos
ML876,Emmylou Harris,Home Sweet Home,relaxed,pos
ML877,Toots & The Maytals,Pressure Drop,angry,neg
ML878,James Blake,Lindisfarne I,sad,neg
ML879,Dan Deacon,Wet Wings,sad,neg
ML880,Jane Monheit,Save Your Love For Me,happy,pos
ML881,Foster The People,Warrant,angry,neg
ML882,Jens Lekman,I'm Leaving You Because I Don't Love You,happy,pos
ML883,Bill Callahan,Sycamore,angry,neg
ML884,Wye Oak,Civilian,relaxed,pos
ML885,The Doors,The Spy,angry,neg
ML886,Slayer,Cult,angry,neg
ML887,Dirge Within,Self Medicate,angry,neg
ML888,Atreyu,Ex's And Oh's,sad,neg
ML889,Donnie McClurkin,When You Love ,happy,pos
ML890,Anita Baker,You Bring Me Joy,happy,pos
ML891,Anita Baker,Good Love,happy,pos
ML892,Adele,Love Song,happy,pos
ML893,Adelitas Way,Sick,sad,neg
ML894,Sick Puppies,War,angry,neg
ML895,Red,Feed The Machine,sad,neg
ML896,Metallica,Metal Militia,sad,neg
ML897,Cold,Wicked World,angry,neg
ML898,Anthrax,Among The Living,angry,neg
ML899,Blackguard,Firefight,angry,neg
ML900,Katy Perry,E.T. ,angry,neg
ML901,The Stylistics,You're A Big Girl Now,relaxed,pos
ML902,Kid Rock,Collide ,angry,neg
ML903,Millie Small,My Boy Lollipop,happy,pos
ML904,The Rolling Stones,We Love You,happy,pos
ML905,Bob Marley & The Wailers,War,angry,neg
ML906,Gene Pitney,Only Love Can Break A Heart,happy,pos
ML907,John Hiatt,What Kind Of Man,relaxed,pos
ML908,Joan Armatrading,This Charming Life,happy,pos
ML909,The Isley Brothers,Fight The Power Part 1,angry,neg
ML910,War,Me And Baby Brother,relaxed,pos
ML911,Eskmo,Color Dropping,relaxed,pos
ML912,Chris Tomlin,Our God,happy,pos
ML913,Celine Dion,God Bless America,relaxed,pos
ML914,Lincoln Brewster,All I Really Want,happy,pos
ML915,Jose Jose,O Tu O Yo,sad,neg
ML916,Joe Cocker,You Are So Beautiful,happy,pos
ML917,Cassandra Wilson,Blue Skies,relaxed,pos
ML918,Roy Milton,Thrill Me,happy,pos
ML919,Billie Holiday,Nice Work If You Can Get It,relaxed,pos
ML920,Delirious?,Stronger,happy,pos
ML921,Ready For The World,Love You Down,happy,pos
ML922,New Edition,I'm Still In Love With You,happy,pos
ML923,Frederick Knight,I've Been Lonely For So Long,sad,neg
ML924,Wilson Pickett,Don't Let The Green Grass Fool You,relaxed,pos
ML925,Jill Scott,So In Love ,happy,pos
ML926,Johnny Gill,In The Mood,relaxed,pos
ML927,One Way,Cutie Pie,relaxed,pos
ML928,Elvis Presley,Heartbreak Hotel,sad,neg
ML929,The Platters,I Love You 1000 Times,happy,pos
ML930,Bo Diddley,Bo Diddley,relaxed,pos
ML931,Brenton Wood,Gimme Little Sign,relaxed,pos
ML932,Barry Manilow,Can't Smile Without You,sad,neg
ML933,Shenandoah,Rock My Baby,relaxed,pos
ML934,Hank Snow,Hello Love,happy,pos
ML935,Zebra,One More Chance,happy,pos
ML936,Sammy Hagar,Baby's On Fire,angry,neg
ML937,Tony Carey,I Won't Be Home Tonight,relaxed,pos
ML938,Whitesnake,Love Ain't No Stranger,happy,pos
ML939,Muse,Stockholm Syndrome,angry,neg
ML940,Jose Alfredo Jimenez,El Rey,sad,neg
ML941,Los Alegres De Teran,Hermosisimo Lucero,sad,neg
ML942,Nice & Wild,Diamond Girl,relaxed,pos
ML943,The Cult,Sun King,relaxed,pos
ML944,Sammy Kershaw,Love Of My Life,happy,pos
ML945,Craig Morgan,God Must Really Love Me,happy,pos
ML946,Alan Jackson,Ring Of Fire,angry,neg
ML947,David Kersh,Goodnight Sweetheart,relaxed,pos
ML948,Robert Earl Keen,Something I Do,relaxed,pos
ML949,Willie Nelson,Uncloudy Day,relaxed,pos
ML950,Ryan Adams,To Be Young ,sad,neg
ML951,Reckless Kelly,Some People's Kids,angry,neg
ML952,Praise Band,Awesome God,happy,pos
ML953,Phish,Free,relaxed,pos
ML954,Christine McVie,Got A Hold On Me,happy,pos
ML955,Chic,I Want Your Love,happy,pos
ML956,Don Henley,Sunset Grill,relaxed,pos
ML957,Underoath,A Boy Brushed Red Living In Black And White,angry,neg
ML958,Vreid,Disciplined,angry,neg
ML959,Belphegor,Blood Magick Necromance,angry,neg
ML960,Murder By Death,Comin' Home,relaxed,pos
ML961,My Darkest Days,Move Your Body,angry,neg
ML962,Akon,Lonely,sad,neg
ML963,Conjunto Primavera,Fue Un Placer Amarte,sad,neg
ML964,Terri Clark,I Just Wanna  Be Mad,angry,neg
ML965,Built To Spill,Goin' Against Your Mind,relaxed,pos
ML966,Bo Diddley,Bring It To Jerome,relaxed,pos
ML967,Jane Monheit,I'm Glad There Is You,happy,pos
ML968,Ann Hampton Callaway,What Is This Thing Called Love?,happy,pos
ML969,B.B. King,Don't Answer The Door,relaxed,pos
ML970,James Hunter,No Smoke Without Fire,angry,neg
ML971,Melody Gardot,Over The Rainbow,relaxed,pos
ML972,Stevie Wonder,For Your Love,happy,pos
ML973,Simon & Garfunkel,Homeward Bound,relaxed,pos
ML974,Wadsworth Mansion,Sweet Mary,relaxed,pos
ML975,Bayside,"Sick, Sick, Sick",sad,neg
ML976,"Does It Offend You, Yeah?",The Monkeys Are Coming,angry,neg
ML977,Rosie & The Originals,Angel Baby,happy,pos
ML978,Maze,Happy Feelin's ,happy,pos
ML979,Zoe,Love,happy,pos
ML980,Young Galaxy,The Angels Are Surely Weeping,sad,neg
ML981,PJ Harvey,This Mess We're In,relaxed,pos
ML982,Kylesa,Dust,sad,neg
ML983,Silversun Pickups,Waste It On,sad,neg
ML984,Oh Land,White Nights,relaxed,pos
ML985,The Beatles,And I Love Her,happy,pos
ML986,Serge Gainsbourg,Requiem Pour Un C...,sad,neg
ML987,Bebel Gilberto,Aganju,sad,neg
ML988,The Dramatics,Get Up And Get Down,sad,neg
ML989,Tinsley Ellis,Speak No Evil,angry,neg
ML990,Kurt Elling,Matte Kudasai,sad,neg
ML991,Merle Haggard,Going Where The Lonely Go,sad,neg
ML992,Johnny Cash,Rusty Cage,sad,neg
ML993,Green Day,Sassafrass Roots,sad,neg
ML994,Judas Priest,Painkiller,angry,neg
ML995,Mr. Big,Addicted To That Rush,sad,neg
ML996,The Rolling Stones,Hang Fire,angry,neg
ML997,Jack Johnson,From The Clouds,relaxed,pos
ML998,Robbie Robertson,He Don't Live Here No More,sad,neg
ML999,Stereophonics,Maybe Tomorrow,relaxed,pos
ML1000,The Police,So Lonely,sad,neg
ML1001,Rockpile,Teacher Teacher,relaxed,pos
ML1002,Air,Cherry Blossom Girl,relaxed,pos
ML1003,Los Lobos,Come On Let's Go,happy,pos
ML1004,Damien Rice,The Blowers Daughter,relaxed,pos
ML1005,Byron Cage,It Is To You,relaxed,pos
ML1006,Will Downing,Lover's Melody ,relaxed,pos
ML1007,Mary J. Blige,I Can See In Color,relaxed,pos
ML1008,Hezekiah Walker & The Love Fellowship Crusade Choir,Power Belongs To God,happy,pos
ML1009,Donald Byrd,Think Twice,happy,pos
ML1010,The Meters,Fire On The Bayou,angry,neg
ML1011,Inner City,Good Life,happy,pos
ML1012,La Ley,Aqui,sad,neg
ML1013,Ednita Nazario,Sobrevivo,sad,neg
ML1014,Fats Domino,All By Myself,happy,pos
ML1015,Al Green,You've Got The Love I Need ,happy,pos
ML1016,Patrice Rushen,Settle For My Love,happy,pos
ML1017,K-Paz De La Sierra,Volvere,sad,neg
ML1018,Ricardo Montaner,Tan Enamorados,sad,neg
ML1019,RBD,Nuestro Amor,sad,neg
ML1020,Belinda,Bella Traicion,sad,neg
ML1021,Braids,Lemonade,sad,neg
ML1022,The Stooges,No Fun,happy,pos
ML1023,Sonic Youth,Reena,relaxed,pos
ML1024,Fatboy Slim,Everybody Needs A 303,happy,pos
ML1025,Metric,On The Sly,angry,neg
ML1026,Warpaint,Set Your Arms Down,angry,neg
ML1027,White Fence,Harness,relaxed,pos
ML1028,Bloc Party,Like Eating Glass,sad,neg
ML1029,Smith Westerns,Fallen In Love,relaxed,pos
ML1030,Tokyo Police Club,Big Difference,sad,neg
ML1031,Love Is All,Make Out Fall Out Make Up,sad,neg
ML1032,Tony Bennett,Because Of You,happy,pos
ML1033,Billie Holiday,Summertime,relaxed,pos
ML1034,The Red Hot Chili Peppers,Blood Sugar Sex Magik,happy,pos
ML1035,Warrant,Sometimes She Cries,sad,neg
ML1036,Enya,Amarantine,happy,pos
ML1037,Andy Andy,Que Ironia,sad,neg
ML1038,Victor Manuelle,Asi Es La Mujer,sad,neg
ML1039,Motley Crue,Louder Than Hell,angry,neg
ML1040,New Order,Shellshock,angry,neg
ML1041,The Beatles,I Should Have Known Better,happy,pos
ML1042,Roger Daltrey,Without Your Love,happy,pos
ML1043,David Lee Roth,Just Like Paradise,relaxed,pos
ML1044,Ohio Express,Yummy Yummy Yummy,happy,pos
ML1045,Small Faces,Itchycoo Park,happy,pos
ML1046,The Supremes,Baby Love,happy,pos
ML1047,"Blood, Sweat & Tears",You've Made Me So Very Happy,happy,pos
ML1048,Olivia Newton-John,I Honestly Love You,happy,pos
ML1049,The Ronettes,"Baby, I Love You",happy,pos
ML1050,Van Morrison,Crazy Love,happy,pos
ML1051,The Rascals,People Got To Be Free,relaxed,pos
ML1052,Eddie Holman,Hey There Lonely Girl,sad,neg
ML1053,The Cowsills,"The Rain, The Park And Other Things",relaxed,pos
ML1054,The Bee Gees,Tragedy,angry,neg
ML1055,The Beatles,Love Me Do,happy,pos
ML1056,Wayne Fontana & The Mindbenders,The Game Of Love,happy,pos
ML1057,Otis Redding,That's How Strong My Love Is,happy,pos
ML1058,The Whispers,It's A Love Thing,happy,pos
ML1059,Laura Izibor,From My Heart To Yours,happy,pos
ML1060,Rufus & Chaka Khan,Do You Love What You Feel,happy,pos
ML1061,Loose Ends,Slow Down,sad,neg
ML1062,Ann Nesby,Put It On Paper ,sad,neg
ML1063,Anthony Hamilton,The Point Of It All,happy,pos
ML1064,Donny Hathaway,I Love You More Than You'll Ever Know,happy,pos
ML1065,Jerzee Monet,Most High,relaxed,pos
ML1066,Boney James,Don't Let Me Be Lonely Tonight ,sad,neg
ML1067,Karyn White,Love Saw It ,happy,pos
ML1068,Teena Marie,Portuguese Love,happy,pos
ML1069,Lisa Fischer,How Can I Ease The Pain,angry,neg
ML1070,Dave Hollister,Take Care Of Home,relaxed,pos
ML1071,Gotan Project,Amor Porteno ,sad,neg
ML1072,The Infamous Stringdusters,Starry Night,relaxed,pos
ML1073,Skeletonwitch,Upon Wings Of Black,angry,neg
ML1074,Hatebreed,Destroy Everything,angry,neg
ML1075,Lamb Of God,Black Label,angry,neg
ML1076,Metallica,St. Anger,angry,neg
ML1077,Whitney Houston,All The Man That I Need,happy,pos
ML1078,Patti LaBelle,Kiss Away The Pain,angry,neg
ML1079,Johnny Hartman,The Very Thought Of You,relaxed,pos
ML1080,The Radio Dept.,Heaven's On Fire,angry,neg
ML1081,Baths,Maximalist,happy,pos
ML1082,Lucinda Williams,Born To Be Loved,happy,pos
ML1083,Daft Punk,Make Love,happy,pos
ML1084,New Order,Age Of Consent,angry,neg
ML1085,Roy Orbison,Candy Man,relaxed,pos
ML1086,El Guincho,Lycra Mistral,sad,neg
ML1087,The Hundred In The Hands,Dead Ending,sad,neg
ML1088,Yeah Yeah Yeahs,Maps,happy,pos
ML1089,Ed Bruce,The Last Cowboy Song,sad,neg
ML1090,Crystal Gayle,A Long And Lasting Love,happy,pos
ML1091,Pat Benatar,We Live For Love,happy,pos
ML1092,Boz Scaggs,Breakdown Dead Ahead,angry,neg
ML1093,The Raveonettes,War In Heaven,angry,neg
ML1094,Stateless,Assassinations,sad,neg
ML1095,Me'Shell Ndegeocello,Love You Down,happy,pos
ML1096,Gorillaz,Broken,angry,neg
ML1097,Vivian Girls,I Heard You Say,sad,neg
ML1098,Franz Ferdinand,Do You Want To,happy,pos
ML1099,UNKLE,Hold My Hand,sad,neg
ML1100,36 Crazyfists,The All Night Lights,sad,neg
ML1101,The Devil Wears Prada,Dez Moines,sad,neg
ML1102,Alabama,Sad Lookin' Moon,sad,neg
ML1103,Rufus & Chaka Khan,Everlasting Love,happy,pos
ML1104,Mr. Capone-E,Light My Fire ,angry,neg
ML1105,Raheem DeVaughn,I Don't Care,angry,neg
ML1106,Herb Alpert & The Tijuana Brass,A Taste Of Honey,relaxed,pos
ML1107,Gretchen Parlato,Blue In Green,relaxed,pos
ML1108,Gucci Mane,I Don't Love Her ,happy,pos
ML1109,Keri Hilson,Make Love,happy,pos
ML1110,Chris Brown,Beautiful People ,happy,pos
ML1111,Jeremy Camp,You Never Let Go,angry,neg
ML1112,Rocio Durcal,No Sirvo Para Estar Sin Ti,sad,neg
ML1113,Albert Hammond,Echame A Mi La Culpa,sad,neg
ML1114,Banda El Recodo,Tiro Arriba,sad,neg
ML1115,Roberta Gambarini,From This Moment On,relaxed,pos
ML1116,Back Door Slam,Come Home,relaxed,pos
ML1117,Immature,Never Lie,angry,neg
ML1118,The Everly Brothers,When Will I Be Loved,happy,pos
ML1119,Enanitos Verdes,Mejor No Hablemos De Amor,sad,neg
ML1120,The Herbaliser,Gadget Funk,angry,neg
ML1121,The Drums,I Need Fun In My Life,happy,pos
ML1122,Michael Franti & Spearhead,Light Up Ya Lighter,angry,neg
ML1123,Mission Of Burma,That's How I Escaped My Certain Fate,sad,neg
ML1124,Frank Sinatra,My Kind Of Town,relaxed,pos
ML1125,Loreena McKennitt,Down By The Sally Gardens,relaxed,pos
ML1126,Sin Fang,Always Everything,sad,neg
ML1127,Fischerspooner,Happy,sad,neg
ML1128,Craig Morgan,I Got You,relaxed,pos
ML1129,Willie Nelson & Leon Russell,Heartbreak Hotel,sad,neg
ML1130,Son Volt,Drown,angry,neg
ML1131,Faith No More,War Pigs,angry,neg
ML1132,Whitney Houston,Miracle,happy,pos
ML1133,Drive-By Truckers,Everybody Needs Love,happy,pos
ML1134,Sarah McLachlan,Into The Fire,angry,neg
ML1135,Florence & The Machine,You've Got The Love,happy,pos
ML1136,Culture Club,It's A Miracle,happy,pos
ML1137,Elbow,With Love,happy,pos
ML1138,Graham Parker,White Honey,relaxed,pos
ML1139,Beck,Lost Cause,angry,neg
ML1140,Dianne Reeves,Love For Sale,happy,pos
ML1141,Melba Moore,Time To Come Home ,relaxed,pos
ML1142,Incognito,Your Sun My Sky ,relaxed,pos
ML1143,Gloria Trevi,Me Rio De Ti,sad,neg
ML1144,Soraya,Llevame,sad,neg
ML1145,Bury Your Dead,Twelfth Stroke Of Midnight,sad,neg
ML1146,Roy Orbison,Only The Lonely ,sad,neg
ML1147,Roy Orbison,Running Scared,angry,neg
ML1148,Banda Maguey,Que Sacrificio,sad,neg
ML1149,Alejandro Fernandez,Si He Sabido Amor,sad,neg
ML1150,Martha Munizzi,Mighty God,happy,pos
ML1151,Fred Hammond,Keep On Praisin',relaxed,pos
ML1152,Kirk Franklin,Afterwhile ,angry,neg
ML1153,Phil Perry,The World Is A Ghetto,relaxed,pos
ML1154,Expatriate,Gotta Get Home,relaxed,pos
ML1155,Boney James,I Get Lonely,sad,neg
ML1156,Billy Corgan,A100,happy,pos
ML1157,Patty Griffin,Rowing Song,sad,neg
ML1158,Gyptian,So Much In Love,happy,pos
ML1159,Tito Nieves,Mi Eterno Amor Secreto,sad,neg
ML1160,Grupo Niche,Gotas De Lluvia,sad,neg
ML1161,Billie Holiday,Prelude To A Kiss,happy,pos
ML1162,Barbara Lewis,Make Me Your Baby,happy,pos
ML1163,Brook Benton,Lie To Me,angry,neg
ML1164,Roomful Of Blues,That's A Pretty Good Love,happy,pos
ML1165,The Beatles,I Want You ,angry,neg
ML1166,Paul McCartney & Wings,Helen Wheels,sad,neg
ML1167,The Doors,Waiting For The Sun,relaxed,pos
ML1168,Elvis Presley,Heartbreak Hotel,sad,neg
ML1169,Herman's Hermits,Listen People,happy,pos
ML1170,Peter & Gordon,True Love Ways,happy,pos
ML1171,Donovan,Wear Your Love Like Heaven,happy,pos
ML1172,The Hollies,The Air That I Breathe,relaxed,pos
ML1173,Gene Vincent & His Blue Caps,Be-Bop-A-Lula,relaxed,pos
ML1174,Ruby & The Romantics,Our Day Will Come,happy,pos
ML1175,Maze,We Are One ,happy,pos
ML1176,Con Funk Shun,Ffun,happy,pos
ML1177,Angela Winbush,Angel,relaxed,pos
ML1178,Charlie Wilson,Without You,relaxed,pos
ML1179,Jazmine Sullivan,Fear,angry,neg
ML1180,Big Head Blues Club,Kind Hearted Woman,happy,pos
ML1181,James Brown,I'll Go Crazy,happy,pos
ML1182,Lucinda Williams,Joy,happy,pos
ML1183,Willie Nelson,Night Life ,happy,pos
ML1184,Max Romeo & The Upsetters,War Ina Babylon,angry,neg
ML1185,Freddie Hubbard,Red Clay,happy,pos
ML1186,Static-X,Bled For Days,angry,neg
ML1187,Hatebreed,Ghosts Of War,angry,neg
ML1188,Howlin' Wolf,Shake For Me,relaxed,pos
ML1189,"Earth, Wind & Fire",Evil,angry,neg
ML1190,Della Reese,Don't You Know,happy,pos
ML1191,James Taylor,Don't Let Me Be Lonely Tonight,sad,neg
ML1192,Rob Zombie,Demon Speeding,angry,neg
ML1193,Motorhead,The Game,angry,neg
ML1194,Marc Anthony,Viviendo,sad,neg
ML1195,Jo Dee Messina,Because You Love Me,happy,pos
ML1196,Bad Religion,The Biggest Killer In American History,angry,neg
ML1197,The Clash,Tommy Gun,angry,neg
ML1198,Dio,Stand Up And Shout,angry,neg
ML1199,Kirk Franklin & The Family,Now Behold The Lamb,relaxed,pos
ML1200,Tye Tribbett & G.A.,Still Have Joy,happy,pos
ML1201,Sarah Vaughan,Fever,sad,neg
ML1202,Pendulum,Out Here,sad,neg
ML1203,Bettye LaVette,It Don't Come Easy,relaxed,pos
ML1204,Desperation Band,The Difference,happy,pos
ML1205,Chelley,Took The Night,angry,neg
ML1206,Jose Feliciano,Feliz Navidad,happy,pos
ML1207,Johnny O.,Fantasy Girl,relaxed,pos
ML1208,Sonora Santanera,Donde Estas Yolanda,sad,neg
ML1209,Andy Palacio & The Garifuna Collective,Baba ,sad,neg
ML1210,Harlem,Spray Paint,relaxed,pos
ML1211,Fleet Foxes,Sun It Rises,relaxed,pos
ML1212,Nellie McKay,The Very Thought Of You,relaxed,pos
ML1213,The Album Leaf,Falling From The Sun,sad,neg
ML1214,Nellie McKay,Mother Of Pearl,angry,neg
ML1215,Steel Pulse,Blazing Fire ,angry,neg
ML1216,Michael Franti & Spearhead,All I Want Is You,happy,pos
ML1217,Broken Bells,Sailing To Nowhere,sad,neg
ML1218,G. Love & Special Sauce,"Peace, Love & Happiness",relaxed,pos
ML1219,Ed Bruce,You're The Best Break This Old Heart Ever Had,happy,pos
ML1220,La Mafia,Quiero Amanecer Contigo,sad,neg
ML1221,Conjunto Primavera,No Se Vivir Sin Ti,sad,neg
ML1222,Palomo,Nos Falto,sad,neg
ML1223,Dokken,Into The Fire,angry,neg
ML1224,Kreator,Warcurse,angry,neg
ML1225,Delirious?,I Could Sing Of Your Love Forever,happy,pos
ML1226,Culture Club,The War Song,angry,neg
ML1227,Skillet,The Last Night,sad,neg
ML1228,Third Day,Silent Night,relaxed,pos
ML1229,Elvis Presley,Blue Christmas,relaxed,pos
ML1230,The Carpenters,"Merry Christmas, Darling",happy,pos
ML1231,Kenny Loggins,Celebrate Me Home,relaxed,pos
ML1232,Casting Crowns,I Heard The Bells On Christmas Day,relaxed,pos
ML1233,Third Day,Joy To The World,happy,pos
ML1234,Vince Vance & The Valiants,All I Want For Christmas Is You,relaxed,pos
ML1235,Kelley Stoltz,Fire Escape,angry,neg
ML1236,George Harrison,I Dig Love,happy,pos
ML1237,Kirk Franklin & The Family,Silent Night,relaxed,pos
ML1238,Boyz II Men,Silent Night,relaxed,pos
ML1239,Israel Houghton,I Receive,happy,pos
ML1240,Sharon Jones & The Dap-Kings,Be Easy,relaxed,pos
ML1241,Israel Houghton,Others,happy,pos
ML1242,Incognito,Feel The Pressure,angry,neg
ML1243,Alejandro Sanz,Cuando Nadie Me Ve,sad,neg
ML1244,Elvis Costello,I Lost You,angry,neg
ML1245,The Replacements,Skyway,sad,neg
ML1246,Vampire Weekend,Mansard Roof,sad,neg
ML1247,Grant-Lee Phillips,It Ain't The Same Old Cold War Harry,angry,neg
ML1248,The Who,I'm Free,relaxed,pos
ML1249,The Flaming Lips,Yoshimi Battles The Pink Robots,angry,neg
ML1250,U2,I Fall Down,sad,neg
ML1251,Jason Collett,I'll Bring The Sun,relaxed,pos
ML1252,Bruce Springsteen,Fire,angry,neg
ML1253,Andrew Bird,Plasticities,angry,neg
ML1254,Lori McKenna,Pour,relaxed,pos
ML1255,Alaska Y Dinarama,Ni Tu Ni Nadie,sad,neg
ML1256,Marvin Gaye,You Sure Love To Ball,happy,pos
ML1257,The Chi-Lites,Toby,sad,neg
ML1258,Luther Vandross,At Christmas Time,happy,pos
ML1259,Frank Sinatra,It Gets Lonely Early,sad,neg
ML1260,John Pizzarelli,Mountain Greenery,relaxed,pos
ML1261,The Brooklyn Tabernacle Choir,Happy Birthday Jesus,happy,pos
ML1262,Rebecca St. James,Happy Xmas ,happy,pos
ML1263,Matt Brouwer,Have Yourself A Merry Little Christmas,happy,pos
ML1264,Jars Of Clay,Love Came Down at Christmas,happy,pos
ML1265,MercyMe,Joseph's Lullaby,relaxed,pos
ML1266,Third Day,Merry Christmas,happy,pos
ML1267,Frank Reyes,Por Ti Voy A Morir,sad,neg
ML1268,Rod Stewart,What A Wonderful World ,relaxed,pos
ML1269,Judas Priest,Metal Gods,sad,neg
ML1270,Alejandro Escovedo,Silver Cloud,happy,pos
ML1271,The Beatles,Two Of Us,relaxed,pos
ML1272,Mnemic,Within,angry,neg
ML1273,Godsmack,Running Blind ,sad,neg
ML1274,Teddy Pendergrass,Joy,happy,pos
ML1275,Eva Cassidy,Time After Time,sad,neg
ML1276,Courtney John,Lucky Man,happy,pos
ML1277,Maysa,A Woman In Love,happy,pos
ML1278,Michael Buble,Dream,relaxed,pos
ML1279,Alejandra Guzman,Hasta El Final,sad,neg
ML1280,The Prodigy,Shoot Down,angry,neg
ML1281,Joy Division,Heart And Soul,angry,neg
ML1282,Wire,Reuters,angry,neg
ML1283,Junior Boys,Teach Me How To Fight,angry,neg
ML1284,John Mayer,Slow Dancing In A Burning Room,sad,neg
ML1285,Black Prairie,Red Rocking Chair,relaxed,pos
ML1286,Tom Petty,It's Good To Be King,relaxed,pos
ML1287,New Order,Your Silent Face,sad,neg
ML1288,The Clash,I'm So Bored With The U.S.A.,sad,neg
ML1289,Greg Laswell,Off I Go,sad,neg
ML1290,Justice,Civilization,angry,neg
ML1291,Sia,I Go To Sleep,relaxed,pos
ML1292,The Big Pink,Love In Vain,happy,pos
ML1293,Interpol,Safe Without,relaxed,pos
ML1294,Morcheeba,Sao Paulo,angry,neg
ML1295,Jeff Buckley,Grace,angry,neg
ML1296,Cold War Kids,Hospital Beds,angry,neg
ML1297,Air,Sexy Boy,happy,pos
ML1298,Maps,It Will Find You,happy,pos
ML1299,Air,Napalm Love,happy,pos
ML1300,Eric Clapton,Bad Love,happy,pos
ML1301,Elton John,Sorry Seems To Be The Hardest Word,sad,neg
ML1302,The Meters,Chicken Strut,sad,neg
ML1303,Wanda Jackson,Nervous Breakdown,angry,neg
ML1304,M.I.A.,Fire Fire,angry,neg
ML1305,Andreya Triana,X,sad,neg
ML1306,Peggy Sue,Matilda,sad,neg
ML1307,Z.Z. Hill,Down Home Blues,relaxed,pos
ML1308,Ryan Adams & The Cardinals,Fix It,happy,pos
ML1309,The Robert Cray Band,Smoking Gun,angry,neg
ML1310,Huey,When I Hustle ,relaxed,pos
ML1311,Parlours,I Dream Of Chicago,relaxed,pos
ML1312,Three Dog Night,The Family Of Man,relaxed,pos
ML1313,Vince Gill,Take Your Memory With You,sad,neg
ML1314,Faith Hill,Take Me As I Am,relaxed,pos
ML1315,Strike Anywhere,The Promise,sad,neg
ML1316,Elefante,El Abandonao,sad,neg
ML1317,Kenny Rogers,Love Lifted Me,happy,pos
ML1318,L.A. Guns,Kiss My Love Goodbye,happy,pos
ML1319,James Ingram,I Don't Have The Heart,happy,pos
ML1320,Nelly,Party People ,happy,pos
ML1321,The Dirty Dozen Brass Band,Ruler Of My Heart ,angry,neg
ML1322,The Pretenders,Kid,sad,neg
ML1323,The Drifters,Save The Last Dance For Me,relaxed,pos
ML1324,Ray LaMontagne,Three More Days,relaxed,pos
ML1325,Marvin Gaye,Come Live With Me Angel,relaxed,pos
ML1326,Donnie McClurkin,Great And Mighty Is Our God,happy,pos
ML1327,Maysa,Out Of The Blue,happy,pos
ML1328,Lykke Li,Youth Knows No Pain,angry,neg
ML1329,Darker My Love,Waves,sad,neg
ML1330,Death By Stereo,Welcome To The Party,angry,neg
ML1331,Marsha Ambrosius,Lose Myself,happy,pos
ML1332,Dave Alvin,Black Sky,relaxed,pos
ML1333,Mission Of Burma,Donna Sumeria,happy,pos
ML1334,The Blues Brothers,Sweet Home Chicago,relaxed,pos
ML1335,Ratatat,Seventeen Years,sad,neg
ML1336,Six Feet Under,Seed Of Filth,sad,neg
ML1337,Telekinesis,I Got You,relaxed,pos
ML1338,Ceo,White Magic,relaxed,pos
ML1339,Obits,Back And Forth,sad,neg
ML1340,Surfer Blood,Take It Easy,relaxed,pos
ML1341,Elliott Smith,Needle In The Hay,sad,neg
ML1342,The Smiths,Ask,angry,neg
ML1343,Discovery,So Insane,angry,neg
ML1344,Mustafa Sandal,Kalmadi,sad,neg
ML1345,Ratt,You're In Love,happy,pos
ML1346,Charlie Gracie,Butterfly,relaxed,pos
ML1347,Jose Jose,Tu Me Estas Volviendo Loco,sad,neg
ML1348,Juan Luis Guerra,El Costo De La Vida,sad,neg
ML1349,Ricky Martin,Con Tu Nombre,sad,neg
ML1350,Marvin Gaye,Pride And Joy ,happy,pos
ML1351,Queen Latifah,Simply Beautiful ,happy,pos
ML1352,The Blind Boys Of Alabama,Down By The Riverside ,angry,neg
ML1353,Gloria Lynne,I'm Glad There Is You,happy,pos
ML1354,The Tymes,So Much In Love,happy,pos
ML1355,Elvis Presley,Love Me Tender,happy,pos
ML1356,Roy Orbison,Dream Baby ,relaxed,pos
ML1357,The Allman Brothers Band,Revival,happy,pos
ML1358,The Blackbyrds,Happy Music,happy,pos
ML1359,Ray Charles,Crazy Love ,happy,pos
ML1360,The Whispers,My Heart Your Heart,happy,pos
ML1361,Blackstreet,Joy,happy,pos
ML1362,U2,The Three Sunrises,happy,pos
ML1363,Morrissey,"The More You Ignore Me, The Closer I Get",angry,neg
ML1364,Fenix TX,All My Fault,sad,neg
ML1365,Take 6,You Don't Have To Be Afraid,angry,neg
ML1366,NLT,That Girl,relaxed,pos
ML1367,J. Valentine,She Worth The Trouble,angry,neg
ML1368,John Brown,Imma Love You Right,happy,pos
ML1369,Los Super Reyes,El Rey ,sad,neg
ML1370,Death Cab For Cutie,Someday You Will Be Loved,happy,pos
ML1371,Daryle Singletary,Amen Kind Of Love,relaxed,pos
ML1372,Lonestar,Tell Her,happy,pos
ML1373,Lemon Jelly,Space Walk,happy,pos
ML1374,Gregory Porter,Lonely One,sad,neg
ML1375,Sinead O'Connor,War,angry,neg
ML1376,Charles Bradley,I Believe In Your Love,happy,pos
ML1377,The Grateful Dead,Fire On The Mountain,angry,neg
ML1378,Dixie Chicks,There's Your Trouble,angry,neg
ML1379,Loretta Lynn,Trouble On The Line,angry,neg
ML1380,The Midnighters,Sexy Ways ,happy,pos
ML1381,The Diamonds,The Stroll,relaxed,pos
ML1382,Little Richard,Long Tall Sally,happy,pos
ML1383,Mike Reno & Ann Wilson,Almost Paradise,relaxed,pos
ML1384,Gregg Allman,I Believe I'll Go Back Home,relaxed,pos
ML1385,Stevie Wonder,Creepin',relaxed,pos
ML1386,Duffy,Rockferry,relaxed,pos
ML1387,Justin Bieber,One Less Lonely Girl,sad,neg
ML1388,Silversun Pickups,Growing Old Is Getting Old,angry,neg
ML1389,Carney,Love Me Chase Me,relaxed,pos
ML1390,Bobby Helms,My Special Angel,relaxed,pos
ML1391,Clay Walker,I Can't Sleep,relaxed,pos
ML1392,Mutemath,The Nerve,angry,neg
ML1393,The Mars Volta,Asilos Magdalena,sad,neg
ML1394,Solid Gold,Who You  Gonna Run To?,angry,neg
ML1395,Karyn White,The Way You Love Me,happy,pos
ML1396,Nina Simone,House Of The Rising Sun,relaxed,pos
ML1397,The Breeders,New Year,relaxed,pos
ML1398,Miss Kittin & The Hacker,Indulgence,happy,pos
ML1399,The Concretes,You Can't Hurry Love,happy,pos
ML1400,Dr. Dog,Ain't It Strange,relaxed,pos
ML1401,Balkan Beat Box,War Again,angry,neg
ML1402,Death Cab For Cutie,We Laugh Indoors,happy,pos
ML1403,The Kills,U.R.A. Fever,sad,neg
ML1404,Mickey Gilley,Lonely Nights,sad,neg
ML1405,Toots & The Maytals,True Love Is Hard To Find ,happy,pos
ML1406,Crowded House,Fall At Your Feet,sad,neg
ML1407,Ten Years After,I'm Going Home,relaxed,pos
ML1408,Donavon Frankenreiter,"Life, Love & Laughter",happy,pos
ML1409,Mary Mary,Ordinary People,happy,pos
ML1410,Nat King Cole,Brazilian Love Song ,relaxed,pos
ML1411,Nnenna Freelon,If I Only Had A Brain ,angry,neg
ML1412,Nnenna Freelon,If I Only Had A Brain ,angry,neg
ML1413,Bebel Gilberto,Aganju,sad,neg
ML1414,Priestess,Lady Killer,angry,neg
ML1415,Morphine,Honey White,relaxed,pos
ML1416,Aventura,La Nina,sad,neg
ML1417,Sonic Youth,Incinerate,sad,neg
ML1418,Ladytron,Seventeen,happy,pos
ML1419,Bob Marley & The Wailers,No More Trouble,angry,neg
ML1420,Black Uhuru,I Love King Selassie,happy,pos
ML1421,Home Video,The Smoke,angry,neg
ML1422,Steel Train,I Feel Weird,angry,neg
ML1423,Louis Armstrong,Nobody Knows The Trouble I've Seen,angry,neg
ML1424,Diana Krall,My Love Is,happy,pos
ML1425,Linda Ronstadt,Little Girl Blue ,relaxed,pos
ML1426,Bobby Womack,If You Think You're Lonely Now,sad,neg
ML1427,Jermaine Jackson,Daddy's Home,relaxed,pos
ML1428,K.C. & The Sunshine Band,Do You Wanna Go Party,happy,pos
ML1429,Beyonce,I'd Rather Go Blind,relaxed,pos
ML1430,Phil Perry,If Only You Knew,happy,pos
ML1431,Buffalo Springfield,I Am A Child,relaxed,pos
ML1432,Pink Floyd,Pigs On The Wing 1,sad,neg
ML1433,The Association,Never My Love,happy,pos
ML1434,Ray Charles,Lonely Avenue,sad,neg
ML1435,Jakob Dylan,Gimme Some Truth ,relaxed,pos
ML1436,Willie Nelson,Night Life,happy,pos
ML1437,Gorillaz,Some Kind Of Nature ,relaxed,pos
ML1438,The Pains Of Being Pure At Heart,Everything With You,sad,neg
ML1439,We Were Promised Jetpacks,Ships With Holes Will Sink,sad,neg
ML1440,The Duke Spirit,The Step And The Walk,happy,pos
ML1441,Sharon Jones & The Dap-Kings,Mama Don't Like My Man,relaxed,pos
ML1442,Wolf Parade,This Heart's On Fire,angry,neg
ML1443,Ike & Tina Turner,I've Been Loving You Too Long,happy,pos
ML1444,Air,Love,happy,pos
ML1445,Kurt Elling,Say It ,happy,pos
ML1446,Norah Jones,Shoot The Moon,sad,neg
ML1447,Lou Rawls,You've Made Me So Very Happy,happy,pos
ML1448,Mary J. Blige,A Dream,relaxed,pos
ML1449,Nyasia,Who's Got Your Love,happy,pos
ML1450,Destruction,Hate Is My Fuel,angry,neg
ML1451,Dan Deacon,Okie Dokie,angry,neg
ML1452,Innerpartysystem,American Trash,sad,neg
ML1453,Thompson Square,Let's Fight,angry,neg
ML1454,Bay City Rollers,Money Honey,relaxed,pos
ML1455,Frankie Ruiz,Lo Dudo,sad,neg
ML1456,Magneto,La Puerta Del Colegio,sad,neg
ML1457,Santana,I Don't Wanna Lose Your Love ,relaxed,pos
ML1458,Kiss,C'mon And Love Me,happy,pos
ML1459,The Rolling Stones,Sway,angry,neg
ML1460,Machine Head,Ten Ton Hammer,angry,neg
ML1461,System Of A Down,War?,angry,neg
ML1462,Bullet For My Valentine,Scream Aim Fire,angry,neg
ML1463,Kansas,Fight Fire With Fire,angry,neg
ML1464,The Beatles,Real Love,happy,pos
ML1465,The Roots,The Fire ,angry,neg
ML1466,The Used,Burning Down The House,angry,neg
ML1467,Los Bukis,Contra Viento Y Marea,sad,neg
ML1468,Anna Calvi,No More Words,happy,pos
ML1469,Anna Calvi,Desire,angry,neg
ML1470,Ricardo Arjona,La Mujer Que No Sone,sad,neg
ML1471,Gang Of Four,Natural's Not In It,happy,pos
ML1472,Stevie Wonder,Ordinary Pain,angry,neg
ML1473,Jackie Wilson,To Be Loved,happy,pos
ML1474,Death,Painkiller,angry,neg
ML1475,Bayside,Already Gone,sad,neg
ML1476,S. Carey,In The Dirt,sad,neg
ML1477,Maps & Atlases,Living Decorations,sad,neg
ML1478,Metallica,Free Speech For The Dumb,relaxed,pos
ML1479,Tesla,Paradise,relaxed,pos
ML1480,Aretha Franklin,See Saw,happy,pos
ML1481,The Beatles,Your Mother Should Know,happy,pos
ML1482,Alice Cooper,You Drive Me Nervous,angry,neg
ML1483,Jill Scott,Hate On Me,angry,neg
ML1484,Hooverphonic,2wicky,angry,neg
ML1485,Kraak & Smaak,Keep Me Home ,relaxed,pos
ML1486,The Cure,All Cats Are Grey,sad,neg
ML1487,Crystal Castles,Vietnam,happy,pos
ML1488,The Lemonheads,Dirty Robot,sad,neg
ML1489,Pavement,Unfair,sad,neg
ML1490,Basement Jaxx,Good Luck ,relaxed,pos
ML1491,Machine Head,Clenching The Fists Of Dissent,angry,neg
ML1492,Patti LaBelle,Over The Rainbow,relaxed,pos
ML1493,Avenged Sevenfold,God Hates Us,angry,neg
ML1494,Fear Factory,Fear Campaign,angry,neg
ML1495,Dropkick Murphys,Peg O' My Heart,happy,pos
ML1496,Stevie Wonder,Happy Birthday,happy,pos
ML1497,Kem,Love Never Fails,happy,pos
ML1498,Ray Charles,Sorry Seems To Be The Hardest Word ,sad,neg
ML1499,Aaron Hall,All The Places ,happy,pos
ML1500,Starfucker,Astoria,happy,pos
ML1501,Anna Calvi,The Devil,angry,neg
ML1502,Johnny Preston,Running Bear,relaxed,pos
ML1503,The Five Keys,The Glory Of Love,happy,pos
ML1504,Metric,Monster Hospital,angry,neg
ML1505,The Used,Blue And Yellow,sad,neg
ML1506,Lucinda Williams,Kiss Like Your Kiss,happy,pos
ML1507,Waka Flocka Flame,Bang ,sad,neg
ML1508,Randy Newman,It's Money That I Love,happy,pos
ML1509,Korn,Blind,sad,neg
ML1510,Mastodon,Colony Of Birchmen,sad,neg
ML1511,Anita Baker,Lead Me Into Love,happy,pos
ML1512,Jaill,The Stroller,angry,neg
ML1513,Cut Copy,Hearts On Fire,angry,neg
ML1514,Fleetwood Mac,Showbiz Blues,relaxed,pos
ML1515,Massive Attack,Angel,happy,pos
ML1516,The Cardigans,Carnival,happy,pos
ML1517,Women,Locust Valley,sad,neg
ML1518,The Flamingos,I'll Be Home,relaxed,pos
ML1519,John Mayer,Perfectly Lonely,sad,neg
ML1520,Paul McCartney,Another Day,sad,neg
ML1521,Band Of Horses,Is There A Ghost,relaxed,pos
ML1522,Robbie Robertson,Sweet Fire Of Love,angry,neg
ML1523,Procol Harum,Conquistador,sad,neg
ML1524,Exodus,Bonded By Blood,sad,neg
ML1525,Lionel Richie,Deep River Woman,relaxed,pos
ML1526,Iron Maiden,Be Quick Or Be Dead,angry,neg
ML1527,Deadmau5,Outta My Life,sad,neg
ML1528,Eliza Gilkyson,Looking For A Place,sad,neg
ML1529,Calexico,Victor Jara's Hands,sad,neg
ML1530,Warren Haynes,On A Real Lonely Night,sad,neg
ML1531,Otis Redding,Let Me Come On Home,relaxed,pos
ML1532,Sade,Love Is Found,happy,pos
ML1533,Z-Trip,Walking Dead ,angry,neg
ML1534,Cristian,Amor,sad,neg
ML1535,Aterciopelados,Rompecabezas,sad,neg
ML1536,Eric Clapton,Let It Grow,relaxed,pos
ML1537,Avenged Sevenfold,Nightmare,angry,neg
ML1538,Scorpions,Rock You Like A Hurricane,angry,neg
ML1539,Papa Roach,Burn,angry,neg
ML1540,Doors,Love Her Madly,happy,pos
ML1541,Cult,Fire Woman,angry,neg
ML1542,Machine Head,Aesthetics Of Hate,angry,neg
ML1543,Dir En Grey,C,angry,neg
ML1544,Red Hot Chili Peppers,Scar Tissue,sad,neg
ML1545,Doors,Light My Fire,angry,neg
ML1546,Smashing Pumpkins,Bullet With Butterfly Wings,angry,neg
ML1547,Mudvayne,Scream With Me,angry,neg
ML1548,Chevelle,Send The Pain Below,angry,neg
ML1549,Motley Crue,Home Sweet Home,relaxed,pos
ML1550,Rolling Stones,Gimme Shelter,angry,neg
ML1551,Kiss,King Of The Night Time World,relaxed,pos
ML1552,Grupo Bryndis,Asi Es El Amor,sad,neg
ML1553,Los Angeles Negros,A Ti,sad,neg
ML1554,R. Kelly,Touched A Dream,relaxed,pos
ML1555,Women,Narrow With The Hall,sad,neg
ML1556,Burial,Ghost Hardware,happy,pos
ML1557,My Bloody Valentine,Soon,angry,neg
ML1558,The Pains Of Being Pure At Heart,Even In Dreams,angry,neg
ML1559,Elf Power,Let The Serpent Sleep,relaxed,pos
ML1560,Andrew Bird,Simple X,angry,neg
ML1561,The Beatles,For You Blue,relaxed,pos
ML1562,Bobby Vinton,My Melody Of Love,happy,pos
ML1563,Arc Angels,Shape I'm In,happy,pos
ML1564,Bob Dylan,"Corrina, Corrina",relaxed,pos
ML1565,Steel Panther,Death To All But Metal,sad,neg
ML1566,Sheryl Crow,Killer Life,angry,neg
ML1567,Big Head Todd & The Monsters,Please Don't Tell Her,happy,pos
ML1568,Aaron Lewis,Massachusetts,relaxed,pos
ML1569,Fleetwood Mac,Songbird,happy,pos
ML1570,Boston,Party,happy,pos
ML1571,The Beatles,Maxwell's Silver Hammer,sad,neg
ML1572,The Who,Gettin' In Tune,relaxed,pos
ML1573,Rene & Angela,I Love You More,happy,pos
ML1574,Chaka Khan,Got To Be There,relaxed,pos
ML1575,Shalamar,Somewhere There's A Love,happy,pos
ML1576,Tiesto,Who Wants To Be Alone ,relaxed,pos
ML1577,George Duke,Listen Baby,relaxed,pos
ML1578,Musiq,Girl Next Door ,relaxed,pos
ML1579,The Cure,The Perfect Girl,relaxed,pos
ML1580,Martha & The Muffins,Echo Beach,relaxed,pos
ML1581,Devo,Girl U Want,relaxed,pos
ML1582,Ben Harper & The Innocent Criminals,Fight Outta You,angry,neg
ML1583,Ginuwine,Trouble ,angry,neg
ML1584,Tool,Part Of Me,sad,neg
ML1585,Zapp & Roger,Slow And Easy,relaxed,pos
ML1586,Patti LaBelle,When You Talk About Love,happy,pos
ML1587,Mila J,No More Complaining,sad,neg
ML1588,Musiq,Settle For My Love ,happy,pos
ML1589,Brook Benton,Thank You Pretty Baby,happy,pos
ML1590,Austrian Death Machine,It's Not A Tumor ,angry,neg
ML1591,Walls Of Jericho,A Trigger Full Of Promises,angry,neg
ML1592,Jo Dee Messina,Burn,angry,neg
ML1593,Chimaira,Power Trip,angry,neg
ML1594,Radiohead,Go To Sleep,sad,neg
ML1595,Can,Moonshake,relaxed,pos
ML1596,Matt & Kim,Don't Slow Down,sad,neg
ML1597,New Found Glory,It's Not Your Fault,sad,neg
ML1598,LCD Soundsystem,Disco Infiltrator,sad,neg
ML1599,Kisses,People Can Do The Most Amazing Things,angry,neg
ML1600,Starfucker,The White Of Noon,angry,neg
ML1601,The Black Dahlia Murder,What A Horrible Night To Have A Curse,sad,neg
ML1602,New York Dolls,Trash,sad,neg
ML1603,Howlin' Wolf,Built For Comfort,relaxed,pos
ML1604,Alela Diane,To Begin,sad,neg
ML1605,Menomena,Lunchmeat,sad,neg
ML1606,Malachai,Rainbows ,relaxed,pos
ML1607,Frightened Rabbit,Fast Blood,angry,neg
ML1608,Reba McEntire,I'm Not That Lonely Yet,sad,neg
ML1609,Lupe Fiasco,Intruder Alert ,angry,neg
ML1610,Tiziano Ferro,Tardes Negras,sad,neg
ML1611,Kyle Riabko,What Did I Get Myself Into,relaxed,pos
ML1612,Of Montreal,Doing Nothing,sad,neg
ML1613,Gold Motel,The Cruel One,sad,neg
ML1614,Rotten Sound,Scared,angry,neg
ML1615,Wolf Parade,I'll Believe In Anything,angry,neg
ML1616,The Rapture,House Of Jealous Lovers,relaxed,pos
ML1617,OFF!,Poison City,angry,neg
ML1618,Cradle Of Filth,Nymphetamine,sad,neg
ML1619,Mount Moriah,Lament,angry,neg
ML1620,Low,Just Stand Back,sad,neg
ML1621,Bright Eyes,Devil Town,angry,neg
ML1622,Fenech-Soler,Contender,angry,neg
ML1623,Luis Fonsi,Abrazar La Vida,sad,neg
ML1624,Anti-Flag,Turncoat,angry,neg
ML1625,CeCe Winans,Away In A Manger,relaxed,pos
ML1626,Daryl Hall & John Oates,Home For Christmas,relaxed,pos
ML1627,"Harry Connick, Jr.",Blue Christmas,relaxed,pos
ML1628,Peter White,Silent Night,relaxed,pos
ML1629,Mariah Carey,Silent Night,relaxed,pos
ML1630,Rascal Flatts,I'll Be Home For Christmas,relaxed,pos
ML1631,Kenny Rogers & Dolly Parton,With Bells On,relaxed,pos
ML1632,Kenny Chesney,Pretty Paper,relaxed,pos
ML1633,Jo Dee Messina,Silent Night,relaxed,pos
ML1634,Casting Crowns,Silent Night,relaxed,pos
ML1635,Jim Brickman,Sending You A Little Christmas,relaxed,pos
ML1636,Andy Williams,Silent Night,relaxed,pos
ML1637,Josh Groban,Silent Night,relaxed,pos
ML1638,Amy Grant,Silent Night,relaxed,pos
ML1639,Vince Gill,Let There Be Peace On Earth,relaxed,pos
ML1640,Stevie Wonder,One Little Christmas Tree,relaxed,pos
ML1641,Six Feet Under,Shadow Of The Reaper,sad,neg
ML1642,Sanctus Real,Silent Night,relaxed,pos
ML1643,Out Of Eden,O Little Town Of Bethlehem,relaxed,pos
ML1644,Michael McDonald,I'll Be Home For Christmas,relaxed,pos
ML1645,Frank Sinatra,Silent Night,relaxed,pos
ML1646,Obituary,Slowly We Rot,angry,neg
ML1647,Underworld,Beautiful Burnout,relaxed,pos
ML1648,Crystal Castles,Alice Practice,sad,neg
ML1649,Randy Travis,White Christmas Makes Me Blue,relaxed,pos
ML1650,Lady Antebellum,Blue Christmas,relaxed,pos
ML1651,Rose,Sombre Con,sad,neg
ML1652,Talking Heads,Blind,sad,neg
ML1653,Beck,Nobody's Fault But My Own,sad,neg
ML1654,King Crimson,Matte Kudasai,sad,neg
ML1655,Dave Barnes,Family Tree,relaxed,pos
ML1656,MERCY ME,Joseph's Lullaby,relaxed,pos
ML1657,Matt Maher,Empty & Beautiful,angry,neg
ML1658,Ledisi,Silent Night,relaxed,pos
ML1659,Ledisi,What A Wonderful World,relaxed,pos
ML1660,The Damned Things,Handbook For The Recently Deceased,angry,neg
ML1661,Luis Miguel,Ayer,sad,neg
ML1662,Slaughter,Mad About You,angry,neg
ML1663,Mountain,Theme From An Imaginary Western,sad,neg
ML1664,Bing Crosby,Silent Night,relaxed,pos
ML1665,Th' Legendary Shack Shakers,Swampblood,sad,neg
ML1666,Karrin Allyson,Everything Must Change,relaxed,pos
ML1667,JJ Grey & Mofro,On Fire,angry,neg
ML1668,Elvis Costello,One Bell Ringing,sad,neg
ML1669,Mudcrutch,Crystal River,relaxed,pos
ML1670,Louis Armstrong,What A Wonderful World,relaxed,pos
ML1671,The Rolling Stones,Going Home,relaxed,pos
ML1672,Elvis Presley,Blue Christmas ,relaxed,pos
ML1673,Brooks & Dunn,Blue Christmas,relaxed,pos
ML1674,Randy Travis,Pretty Paper,relaxed,pos
ML1675,Slayer,Warzone,angry,neg
ML1676,Meat Loaf,Hot Patootie-Bless My Soul,relaxed,pos
ML1677,Susan Boyle,Silent Night,relaxed,pos
ML1678,Vince Gill,Blue Christmas,relaxed,pos
ML1679,Ricky Van Shelton,Blue Christmas,relaxed,pos
ML1680,Clay Walker,Blue Christmas,relaxed,pos
ML1681,Luther Vandross,Got You Home,relaxed,pos
ML1682,Marques Houston,Favorite Girl,relaxed,pos
ML1683,Goldfrapp,Little Bird,relaxed,pos
ML1684,Smashing Pumpkins,Soma,angry,neg
ML1685,Moby,Nearer,relaxed,pos
ML1686,Cheap Trick,Auf Wiedersehen,angry,neg
ML1687,Blonde Redhead,Here Sometimes,relaxed,pos
ML1688,Zero 7,Ghost Symbol,relaxed,pos
ML1689,Nirvana,Frances Farmer Will Have Her Revenge On Seattle,sad,neg
ML1690,The Cure,Prayers For Rain,sad,neg
ML1691,Band Of Horses,The Funeral,sad,neg
ML1692,Barcelona,Colors,angry,neg
ML1693,Joan Sebastian,Oyeme Chatita,sad,neg
ML1694,Vicente Fernandez,Si Te Vas No Hay Lio,sad,neg
ML1695,Armored Saint,Reign Of Fire,angry,neg
ML1696,Billie Holiday,Am I Blue?,sad,neg
ML1697,Solomon Burke,None Of Us Are Free,relaxed,pos
ML1698,Ella Fitzgerald,Solitude ,sad,neg
ML1699,Heart,How Can I Refuse,angry,neg
ML1700,Cat Stevens,Sad Lisa,sad,neg
ML1701,Rush,Cold Fire,angry,neg
ML1702,The Mighty Mighty Bosstones,So Sad To Say,sad,neg
ML1703,The Beatles,Her Majesty,relaxed,pos
ML1704,Jose Feliciano,La Copa Rota,sad,neg
ML1705,The Beach Boys,Surfer Girl,relaxed,pos
ML1706,Billie Holiday,I Hear Music,relaxed,pos
ML1707,Kem,When I'm Loving You,relaxed,pos
ML1708,Natalie Merchant,"Crying, My Little One",relaxed,pos
ML1709,Lacy J. Dalton,Takin' It Easy,relaxed,pos
ML1710,Beach House,Gila,sad,neg
ML1711,Jenny And Johnny,While Men Are Dreaming,relaxed,pos
ML1712,Royksopp,It's What I Want,relaxed,pos
ML1713,OK Go,All Is Not Lost,angry,neg
ML1714,Rogue Wave,Endless Shovel,sad,neg
ML1715,Daft Punk,Steam Machine,sad,neg
ML1716,The Clash,Hate And War,angry,neg
ML1717,Bauhaus,The Passion Of Lovers,angry,neg
ML1718,Huey Lewis And The News,Respect Yourself,relaxed,pos
ML1719,Ted Leo & The Pharmacists,Army Bound,sad,neg
ML1720,Cat Power,He War,angry,neg
ML1721,The Kinks,Set Me Free,relaxed,pos
ML1722,Antony & The Johnsons,Shake That Devil,relaxed,pos
ML1723,Foxy Shazam,Unstoppable,sad,neg
ML1724,Mark Ronson,Just ,sad,neg
ML1725,Daft Punk,Revolution 909,relaxed,pos
ML1726,Broadcast,Tender Buttons,sad,neg
ML1727,Ted Leo & The Pharmacists,The Ballad Of The Sin Father,angry,neg
ML1728,Twisted Sister,Burn In Hell,angry,neg
ML1729,Exodus,The Toxic Waltz,angry,neg
ML1730,The Red Hot Chili Peppers,Fire,angry,neg
ML1731,Dum Dum Girls,I Will Be,relaxed,pos
ML1732,Bowerbirds,House Of Diamonds,relaxed,pos
ML1733,Bullet For My Valentine,Alone,sad,neg
ML1734,Frankie Ruiz,La Rueda,sad,neg
ML1735,Musiq,Girl Next Door ,relaxed,pos
ML1736,Devo,Race Of Doom,angry,neg
ML1737,The Red Hot Chili Peppers,Fight Like A Brave,angry,neg
ML1738,Living Colour,Glamour Boys,relaxed,pos
ML1739,Norah Jones,The Long Way Home,relaxed,pos
ML1740,Blood Brothers,Set Fire To The Face On Fire,angry,neg
ML1741,Times Of Grace,Fight For Life,angry,neg
ML1742,Pantera,Floods,angry,neg
ML1743,Chet Baker,Let's Get Lost,angry,neg
ML1744,Sarah Vaughan,Little Girl Blue,relaxed,pos
ML1745,Sepultura,Territory,angry,neg
ML1746,Kem,Into You,relaxed,pos
ML1747,Axe Bahia,Beso En La Boca,sad,neg
ML1748,Dinah Washington,Blue Skies,relaxed,pos
ML1749,Jill Scott,Bedda At Home,relaxed,pos
ML1750,Evile,Armoured Assault,angry,neg
ML1751,The Brian Jonestown Massacre,Sailor,sad,neg
ML1752,Caribou,Sun,relaxed,pos
ML1753,Dean Martin,Send Me The Pillow You Dream On,relaxed,pos
ML1754,Abysmal Dawn,The Descent,sad,neg
ML1755,Ella Fitzgerald,Rocks In My Bed,relaxed,pos
ML1756,The Ramones,Surfin' Bird,relaxed,pos
ML1757,Bloc Party,Banquet,angry,neg
ML1758,The Kooks,If Only,angry,neg
ML1759,The White Tie Affair,Candle ,sad,neg
ML1760,Keane,This Is The Last Time,sad,neg
ML1761,Smashing Pumpkins,I Am One,angry,neg
ML1762,Visions Of Atlantis,Twist Of Fate,angry,neg
ML1763,Wilco,War On War,angry,neg
ML1764,Jenny Lewis,Pretty Bird,relaxed,pos
ML1765,Visions Of Atlantis,Conquest Of Others,angry,neg
ML1766,Steel Train,Firecracker,sad,neg
ML1767,Cavalera Conspiracy,Blunt Force Trauma,angry,neg
ML1768,Mastodon,Iron Tusk,angry,neg
ML1769,Luis Enrique,San Juan Sin Ti,sad,neg
ML1770,Alejandra Guzman,Hacer El Amor Con Otro,sad,neg
ML1771,Neil Diamond,Kentucky Woman,relaxed,pos
ML1772,Tinariwen,Matadjem Yinmixan,angry,neg
ML1773,Miike Snow,Burial,angry,neg
ML1774,Alice Russell,Hurry On Now,sad,neg
ML1775,Darryl Worley,Family Tree,relaxed,pos
ML1776,Chris Ledoux,Hooked On An 8 Second Ride,angry,neg
ML1777,Brooks & Dunn,We'll Burn That Bridge,angry,neg
ML1778,The Ting Tings,That's Not My Name,sad,neg
ML1779,Richie Havens,Here Comes The Sun,relaxed,pos
ML1780,Sophie Milman,I'm On Fire,angry,neg
ML1781,Metallica,Seek &#x26; Destroy,angry,neg
ML1782,Radiohead,Nude,sad,neg
ML1783,Crocodiles,All My Hate And My Hexes Are For You,angry,neg
ML1784,Austra,Spellwork,angry,neg
ML1785,The Flaming Lips,Sagittarius Silver Announcement,relaxed,pos
ML1786,Lee Andrews & The Hearts,Long Lonely Nights,sad,neg
ML1787,Kraftwerk,Neon Lights,sad,neg
ML1788,The Grateful Dead,Till The Morning Comes,relaxed,pos
ML1789,Caribou,Sun,relaxed,pos
ML1790,Timi Yuro,Hurt,angry,neg
ML1791,Eric Benet,Hurricane,angry,neg
ML1792,David Rock Feinstein,Metal Will Never Die ,sad,neg
ML1793,No Age,Things I Did When I Was Dead,angry,neg
ML1794,The Raveonettes,Evil Seeds,angry,neg
ML1795,Atreyu,Lonely,sad,neg
ML1796,Finger Eleven,Stay In Shadow,sad,neg
ML1797,Lacuna Coil,I Won't Tell You,angry,neg
ML1798,Serj Tankian,Sky Is Over,relaxed,pos
ML1799,Buckcherry,Broken Glass,sad,neg
ML1800,Joss Stone,Bruised But Not Broken,angry,neg
ML1801,Framing Hanley,You Stupid Girl,sad,neg
ML1802,Los Primos De Durango,Se Me Antoja Tu Piel,sad,neg
ML1803,Alexander O'Neal,Innocent,relaxed,pos
ML1804,Raheem DeVaughn,Nobody Wins A War ,angry,neg
ML1805,Unwritten Law,Save Me,sad,neg
ML1806,Gwar,A Gathering Of Ghouls,angry,neg
ML1807,BarlowGirl,Stay With Me,angry,neg
ML1808,British Sea Power,Oh Larsen B,sad,neg
ML1809,Neil Young,Angry World,angry,neg
ML1810,Yeah Yeah Yeahs,Dull Life,angry,neg
ML1811,Chalino Sanchez,Corazoncito Tirano,sad,neg
ML1812,Wavves,Super Soaker,sad,neg
ML1813,Belle & Sebastian,The Ghost Of Rockschool,relaxed,pos
ML1814,M. Ward,Blake's View,sad,neg
ML1815,Hannah Montana,Gonna Get This ,relaxed,pos
ML1816,Joyce Sims,All And All,relaxed,pos
ML1817,Skillet,Live Free Or Let Me Die,angry,neg
ML1818,Vanessa Williams,Lazy Afternoon,sad,neg
ML1819,Buddy Guy,I Smell Trouble,angry,neg
ML1820,The Vaselines,You Think You're A Man,relaxed,pos
ML1821,Mishka,Above The Bones,relaxed,pos
ML1822,Azure Ray,The Drinks We Drank Last Night,sad,neg
ML1823,The Flaming Lips,The Sparrow Looks Up At The Machine,sad,neg
ML1824,Alkaline Trio,Time To Waste,sad,neg
ML1825,Marc Anthony,Hasta Que Vuelvas Conmigo ,sad,neg
ML1826,The Carpenters,Ticket To Ride,sad,neg
ML1827,Jazmine Sullivan,After The Hurricane,angry,neg
ML1828,Beres Hammond,Try If You Want,angry,neg
ML1829,John Pizzarelli,Happy Talk,relaxed,pos
ML1830,Ray Charles,Somewhere Over The Rainbow ,relaxed,pos
ML1831,Guns N' Roses,Paradise City ,relaxed,pos
ML1832,Skeeter Davis,I Can't Stay Mad At You,angry,neg
ML1833,Teddy Pendergrass,"Easy, Easy, Got To Take It Easy",relaxed,pos
ML1834,Glen Campbell,Dream Baby ,relaxed,pos
ML1835,Disturbed,Believe,angry,neg
ML1836,Los Traileros Del Norte,Anoche Estuve Llorando,sad,neg
ML1837,Midlake,Head Home,relaxed,pos
ML1838,Joan Sebastian,Amor Limosnero,sad,neg
ML1839,The Kills,Getting Down,angry,neg
ML1840,Slayer,Necrophobic,sad,neg
ML1841,Tame Impala,The Bold Arrow Of Time,sad,neg
ML1842,Buke And Gass,Naked Cities,sad,neg
ML1843,We Are Scientists,Pittsburgh,relaxed,pos
ML1844,Orange Juice,Falling And Laughing,angry,neg
ML1845,Two Door Cinema Club,Undercover Martyn,sad,neg
ML1846,Raul Malo,You're Only Lonely,sad,neg
ML1847,In This Moment,Beautiful Tragedy,angry,neg
ML1848,Broken Social Scene,Fire Eye'd Boy,angry,neg
ML1849,Dave Matthews & Tim Reynolds,Crash Into Me,angry,neg
ML1850,Andy Williams,Butterfly,relaxed,pos
ML1851,Luis Miguel,Cruz De Olvido,sad,neg
ML1852,The Smiths,Meat Is Murder,sad,neg
ML1853,Ellie Goulding,Your Biggest Mistake,sad,neg
ML1854,Hey Champ,Cold Dust Girl,sad,neg
ML1855,Eisley,Sad,sad,neg
ML1856,Railroad Earth,Hard Livin',sad,neg
ML1857,Ben Kweller,Fight,angry,neg
ML1858,Warbringer,Total War,angry,neg
ML1859,Fruit Bats,Legs Of Bees,sad,neg
ML1860,Sons And Daughters,Johnny Cash,relaxed,pos
ML1861,The Fixx,Deeper And Deeper ,sad,neg
ML1862,Starfucker,Millions,angry,neg
ML1863,Pink Floyd,Chapter 24,relaxed,pos
ML1864,Panda Bear,Search For Delicious,angry,neg
ML1865,Black Rebel Motorcycle Club,Ain't No Easy Way,relaxed,pos
ML1866,ABC,Poison Arrow,angry,neg
ML1867,Bloodsimple,Falling Backwards,angry,neg
ML1868,Toby Beau,My Angel Baby,relaxed,pos
ML1869,Jeffrey Osborne,Don't You Get So Mad,angry,neg
ML1870,Ann & Nancy Wilson,Blue Christmas,relaxed,pos
ML1871,ZZ Top,Arrested For Driving While Blind,sad,neg
ML1872,Fear Factory,Self Bias Resistor,angry,neg
ML1873,Inna,Amazing,angry,neg
ML1874,Kaskade,Fire In Your New Shoes ,angry,neg
ML1875,Jeff Lorber,Reflections,relaxed,pos
ML1876,Jose Luis Perales,El Amor,sad,neg
ML1877,Def Leppard,Comin' Under Fire,angry,neg
ML1878,Bruce Channel,Hey! Baby,relaxed,pos
ML1879,Echoing Angels,God Bless Us,relaxed,pos
ML1880,Al Jarreau,White Christmas,relaxed,pos
ML1881,The Supremes,My Christmas Tree,relaxed,pos
ML1882,Bronco,Cinco Locos,sad,neg
ML1883,Dethklok,Burn The Earth,angry,neg
ML1884,Peter White,Silent Night ,relaxed,pos
ML1885,Wilson Phillips,Silent Night,relaxed,pos
ML1886,LeAnn Rimes,All I Want For Christmas,relaxed,pos
ML1887,Jackie Evancho,Silent Night,relaxed,pos
ML1888,Trans-Siberian Orchestra,This Christmas Day,relaxed,pos
ML1889,Vince Gill,Do You Hear What I Hear,relaxed,pos
ML1890,"Harry Connick, Jr.",Silent Night,relaxed,pos
ML1891,Ella Fitzgerald,Take Love Easy ,relaxed,pos
ML1892,Don Henley,Taking You Home,relaxed,pos
ML1893,Gloriana,Silent Night,relaxed,pos
ML1894,Dean Martin,Silent Night,relaxed,pos
ML1895,Jerry Lee Lewis,"Another Place, Another Time",sad,neg
ML1896,Johnny Cash,Blue Christmas,relaxed,pos
ML1897,Johnny Cash,The Gifts They Gave,relaxed,pos
ML1898,The Staple Singers,Respect Yourself,relaxed,pos
ML1899,Dashboard Confessional,Vindicated,sad,neg
ML1900,Carrie Underwood,Home Sweet Home,relaxed,pos
ML1901,Hey Monday,How You Love Me Now,relaxed,pos
ML1902,Janelle Monae,Cold War,angry,neg
ML1903,The Ramones,53rd & 3rd,sad,neg
ML1904,Asobi Seksu,Thursday,sad,neg
ML1905,Mastodon,Crusher Destroyer,angry,neg
ML1906,Symphony X,Serpent's Kiss,angry,neg
ML1907,Keb' Mo',The Door,sad,neg
ML1908,Lindsey Buckingham,Go Insane,angry,neg
ML1909,The Temper Trap,Love Lost,angry,neg
ML1910,The Go! Team,Rolling Blackouts,sad,neg
ML1911,Kaiser Chiefs,Oh My God,relaxed,pos
ML1912,Editors,No Sound But The Wind,angry,neg
ML1913,Tony Bennett,Lullaby Of Broadway ,relaxed,pos
ML1914,Animal Collective,Bleed,angry,neg
ML1915,Underworld,Hamburg Hotel,sad,neg
ML1916,Caribou,Found Out,sad,neg
ML1917,Iggy & The Stooges,Gimme Danger,angry,neg
ML1918,Cassandra Wilson,Black Orpheus,sad,neg
ML1919,JJ Grey & Mofro,Lullaby,relaxed,pos
ML1920,Cowboy Junkies,Flirted With You All My Life,sad,neg
ML1921,Nitzer Ebb,Join In The Chant,angry,neg
ML1922,Paris Hilton,Fightin' Over Me ,angry,neg
ML1923,Killing Joke,The Death And Resurrection Show,angry,neg
ML1924,Jet,Black Hearts ,angry,neg
ML1925,Rev Theory,Broken Bones,angry,neg
ML1926,Cold,Suffocate,angry,neg
ML1927,Slayer,Evil Has No Boundaries,angry,neg
ML1928,Emilio Navaira,No Es El Fin Del Mundo ,sad,neg
ML1929,Cafe Tacuba,Las Persianas,sad,neg
ML1930,Weekend,End Times,sad,neg
ML1931,The Autumn Defense,Step Easy,relaxed,pos
ML1932,The Beatles,Free As A Bird,relaxed,pos
ML1933,Irma Thomas,Same Old Blues,sad,neg
ML1934,Jimi Hendrix,Who Knows,relaxed,pos
ML1935,Cloud Nothings,Old Street,relaxed,pos
ML1936,Vivian Girls,All The Time,sad,neg
ML1937,The Avalanches,Flight Tonight,angry,neg
ML1938,Bruce Springsteen & The E Street Band,Fire ,angry,neg
ML1939,Ruben Blades,El Padre Antonio Y El Monaguillo Andres,sad,neg
ML1940,3 Inches Of Blood,Trial Of Champions,angry,neg
ML1941,Forbidden,Forsaken at the Gates,sad,neg
ML1942,Serena Ryder,Little Bit Of Red,relaxed,pos
ML1943,Patty Griffin,You'll Remember,sad,neg
ML1944,Bobby Darin,Blue Skies,relaxed,pos
ML1945,Kirk Whalum,Inside ,relaxed,pos
ML1946,Fear Factory,Replica,angry,neg
ML1947,Dolly Parton,It's Sure Gonna Hurt ,angry,neg
ML1948,Arch Enemy,I Will Live Again,angry,neg
ML1949,The Innocence Mission,Gentle The Rain At Home,relaxed,pos
ML1950,John Scofield,Motherless Child,relaxed,pos
ML1951,Javier Solis,Lloraremos Los Dos,sad,neg
ML1952,Iron Maiden,The Evil That Men Do,angry,neg
ML1953,Motley Crue,White Trash Circus,sad,neg
ML1954,Aerosmith,Get A Grip,sad,neg
ML1955,Aerosmith,Fever,sad,neg
ML1956,Decyfer Down,Crash,angry,neg
ML1957,Buffalo Springfield,Kind Woman,relaxed,pos
ML1958,Robi Draco Rosa,Vagabundo,sad,neg
ML1959,Zoe,Reptilectric,sad,neg
ML1960,MDO,No Puedo Olvidarme De Ti ,sad,neg
ML1961,Braille,Counter Attack ,angry,neg
ML1962,Gary Puckett & The Union Gap,This Girl Is A Woman Now,relaxed,pos
ML1963,Cassandra Wilson,A Day In The Life Of A Fool,sad,neg
ML1964,Danzig,Dirty Black Summer,sad,neg
ML1965,K'Naan,Fire In Freetown,angry,neg
ML1966,Dead Confederate,Run From The Gun,angry,neg
ML1967,Love Is All,Bigger Bolder,angry,neg
ML1968,The Raveonettes,Heart Of Stone,angry,neg
ML1969,The Smiths,London,sad,neg
ML1970,Jeru The Damaja,D. Original,sad,neg
ML1971,Phyllis Hyman,"Loving You, Losing You",angry,neg
ML1972,Neko Case,Lady Pilot,angry,neg
ML1973,Jonathan Richman,I Was The One She Came For,angry,neg
ML1974,Erasure,Love To Hate You,angry,neg
ML1975,Tab Benoit,Can't You See,sad,neg
ML1976,Charles Brown,Trouble Blues,angry,neg
ML1977,Brett Dennen,Dancing At A Funeral,sad,neg
ML1978,Motograter,Down,sad,neg
ML1979,Anders Osborne,Killing Each Other,angry,neg
ML1980,Frankie Goes To Hollywood,Two Tribes,angry,neg
ML1981,Tricky,Murder Weapon,angry,neg
ML1982,Morcheeba,Fear & Love,angry,neg
ML1983,Bad Religion,Let Them Eat War,angry,neg
ML1984,High On Fire,Holy Flames Of The Fire Spitter,angry,neg
ML1985,Pink Floyd,Take Up Thy Stethoscope And Walk,angry,neg
ML1986,All That Remains,Become The Catalyst,angry,neg
ML1987,Five Finger Death Punch,Burn It Down,angry,neg
ML1988,Phobia,Sign Of Times,angry,neg
ML1989,M.I.A.,Bucky Done Gun,angry,neg
ML1990,Testament,Apocalyptic City ,angry,neg
ML1991,The Sex Pistols,Liar,angry,neg
ML1992,Unearth,Endless,angry,neg
ML1993,Iron Maiden,Fear Of The Dark,angry,neg
ML1994,30 Seconds To Mars,Search And Destroy,angry,neg
ML1995,Muse,Take A Bow,angry,neg
ML1996,David Bowie,I'm Afraid Of Americans,angry,neg
ML1997,U2,The Refugee,angry,neg
ML1998,Lair Of The Minotaur,Evil Power,angry,neg
ML1999,Jimmy Ruffin,I've Passed This Way Before,angry,neg
ML2000,High On Fire,Bastard Samurai,angry,neg
